10.10.0.100,44512,8.8.8.8,53
10.10.0.100,44512,8.8.8.8,53
10.10.0.100,35437,8.8.8.8,53
10.10.0.100,54150,8.8.8.8,53
10.10.0.100,48212,8.8.8.8,53
10.10.0.100,54150,8.8.8.8,53
10.10.0.100,28031,8.8.8.8,53
10.10.0.100,47565,8.8.8.8,53
10.10.0.100,47160,8.8.8.8,53
10.10.0.100,45013,8.8.8.8,53
10.10.0.100,48212,8.8.8.8,53
10.10.0.100,49242,8.8.8.8,53
10.10.0.100,47160,8.8.8.8,53
10.10.0.100,62867,8.8.8.8,53
10.10.0.100,51508,8.8.8.8,53
10.10.0.100,47565,8.8.8.8,53
10.10.0.100,45822,8.8.8.8,53
10.10.0.100,35437,8.8.8.8,53
10.10.0.100,44512,8.8.8.8,53
10.10.0.100,35358,8.8.8.8,53
10.10.0.100,42670,8.8.8.8,53
10.10.0.100,35437,8.8.8.8,53
10.10.0.100,42363,8.8.8.8,53
10.10.0.100,51508,8.8.8.8,53
10.10.0.100,45013,8.8.8.8,53
10.10.0.100,45822,8.8.8.8,53
10.10.0.100,49242,8.8.8.8,53
10.10.0.100,35358,8.8.8.8,53
10.10.0.100,41299,8.8.8.8,53
10.10.0.100,42363,8.8.8.8,53
10.10.0.100,38951,8.8.8.8,53
10.10.0.100,1607,8.8.8.8,53
10.10.0.100,1184,8.8.8.8,53
10.10.0.100,65385,8.8.8.8,53
10.10.0.100,53162,8.8.8.8,53
10.10.0.100,52076,8.8.8.8,53
10.10.0.100,65385,8.8.8.8,53
10.10.0.100,41299,8.8.8.8,53
10.10.0.100,63888,8.8.8.8,53
10.10.0.100,51255,8.8.8.8,53
10.10.0.100,51171,8.8.8.8,53
10.10.0.100,56688,8.8.8.8,53
10.10.0.100,55826,8.8.8.8,53
10.10.0.100,42670,8.8.8.8,53
10.10.0.100,59870,8.8.8.8,53
10.10.0.100,59614,8.8.8.8,53
10.10.0.100,1607,8.8.8.8,53
10.10.0.100,40748,8.8.8.8,53
10.10.0.100,1184,8.8.8.8,53
10.10.0.100,51255,8.8.8.8,53
10.10.0.100,25051,8.8.8.8,53
10.10.0.100,62562,8.8.8.8,53
10.10.0.100,38951,8.8.8.8,53
10.10.0.100,27883,8.8.8.8,53
10.10.0.100,52076,8.8.8.8,53
10.10.0.100,10579,8.8.8.8,53
10.10.0.100,63888,8.8.8.8,53
10.10.0.100,54776,8.8.8.8,53
10.10.0.100,56688,8.8.8.8,53
10.10.0.100,59614,8.8.8.8,53
10.10.0.100,37559,8.8.8.8,53
10.10.0.100,51171,8.8.8.8,53
10.10.0.100,62562,8.8.8.8,53
10.10.0.100,60578,8.8.8.8,53
10.10.0.100,40748,8.8.8.8,53
10.10.0.100,64375,8.8.8.8,53
10.10.0.100,43247,8.8.8.8,53
10.10.0.100,59870,8.8.8.8,53
10.10.0.100,55533,8.8.8.8,53
10.10.0.100,37559,8.8.8.8,53
10.10.0.100,36582,8.8.8.8,53
10.10.0.100,62272,8.8.8.8,53
10.10.0.100,53162,8.8.8.8,53
10.10.0.100,55533,8.8.8.8,53
10.10.0.100,43885,8.8.8.8,53
10.10.0.100,55826,8.8.8.8,53
10.10.0.100,36582,8.8.8.8,53
10.10.0.100,46554,8.8.8.8,53
10.10.0.100,58871,8.8.8.8,53
10.10.0.100,54129,8.8.8.8,53
10.10.0.100,21236,8.8.8.8,53
10.10.0.100,60578,8.8.8.8,53
10.10.0.100,47569,8.8.8.8,53
10.10.0.100,58871,8.8.8.8,53
10.10.0.100,65258,8.8.8.8,53
10.10.0.100,36423,8.8.8.8,53
10.10.0.100,55040,8.8.8.8,53
10.10.0.100,59692,8.8.8.8,53
10.10.0.100,45458,8.8.8.8,53
10.10.0.100,42405,8.8.8.8,53
10.10.0.100,36112,8.8.8.8,53
10.10.0.100,35267,8.8.8.8,53
10.10.0.100,52306,8.8.8.8,53
10.10.0.100,46661,8.8.8.8,53
10.10.0.100,62272,8.8.8.8,53
10.10.0.100,65454,8.8.8.8,53
10.10.0.100,54129,8.8.8.8,53
10.10.0.100,43885,8.8.8.8,53
10.10.0.100,50587,8.8.8.8,53
10.10.0.100,65258,8.8.8.8,53
10.10.0.100,46554,8.8.8.8,53
10.10.0.100,64226,8.8.8.8,53
10.10.0.100,47569,8.8.8.8,53
10.10.0.100,36423,8.8.8.8,53
10.10.0.100,42405,8.8.8.8,53
10.10.0.100,39905,8.8.8.8,53
10.10.0.100,45458,8.8.8.8,53
10.10.0.100,52306,8.8.8.8,53
10.10.0.100,56980,8.8.8.8,53
10.10.0.100,35267,8.8.8.8,53
10.10.0.100,65454,8.8.8.8,53
10.10.0.100,43247,8.8.8.8,53
10.10.0.100,47376,8.8.8.8,53
10.10.0.100,50587,8.8.8.8,53
10.10.0.100,58989,8.8.8.8,53
10.10.0.100,55133,8.8.8.8,53
10.10.0.100,64226,8.8.8.8,53
10.10.0.100,55661,8.8.8.8,53
10.10.0.100,46388,8.8.8.8,53
10.10.0.100,38966,8.8.8.8,53
10.10.0.100,43495,8.8.8.8,53
10.10.0.100,39106,8.8.8.8,53
10.10.0.100,43495,8.8.8.8,53
10.10.0.100,41436,8.8.8.8,53
10.10.0.100,49046,8.8.8.8,53
10.10.0.100,38112,8.8.8.8,53
10.10.0.100,59692,8.8.8.8,53
10.10.0.100,58747,8.8.8.8,53
10.10.0.100,56980,8.8.8.8,53
10.10.0.100,36112,8.8.8.8,53
10.10.0.100,47996,8.8.8.8,53
10.10.0.100,58989,8.8.8.8,53
10.10.0.100,46661,8.8.8.8,53
10.10.0.100,47376,8.8.8.8,53
10.10.0.100,55661,8.8.8.8,53
10.10.0.100,36028,8.8.8.8,53
10.10.0.100,38112,8.8.8.8,53
10.10.0.100,55133,8.8.8.8,53
10.10.0.100,39905,8.8.8.8,53
10.10.0.100,35524,8.8.8.8,53
10.10.0.100,46388,8.8.8.8,53
10.10.0.100,41436,8.8.8.8,53
10.10.0.100,51879,8.8.8.8,53
10.10.0.100,39106,8.8.8.8,53
10.10.0.100,61221,8.8.8.8,53
10.10.0.100,54940,8.8.8.8,53
10.10.0.100,49046,8.8.8.8,53
10.10.0.100,36452,8.8.8.8,53
10.10.0.100,62533,8.8.8.8,53
10.10.0.100,51554,8.8.8.8,53
10.10.0.100,58411,8.8.8.8,53
10.10.0.100,44863,8.8.4.4,53
10.10.0.100,46788,8.8.8.8,53
10.10.0.100,41310,8.8.8.8,53
10.10.0.100,44863,8.8.4.4,53
10.10.0.100,58747,8.8.8.8,53
10.10.0.100,40382,8.8.8.8,53
10.10.0.100,1770,8.8.8.8,53
10.10.0.100,60485,8.8.8.8,53
10.10.0.100,45383,8.8.8.8,53
10.10.0.100,35524,8.8.8.8,53
10.10.0.100,12721,8.8.8.8,53
10.10.0.100,38966,8.8.8.8,53
10.10.0.100,51879,8.8.8.8,53
10.10.0.100,51554,8.8.8.8,53
10.10.0.100,44014,8.8.8.8,53
10.10.0.100,43916,8.8.8.8,53
10.10.0.100,46788,8.8.8.8,53
10.10.0.100,40382,8.8.8.8,53
10.10.0.100,45220,8.8.8.8,53
10.10.0.100,45383,8.8.8.8,53
10.10.0.100,36352,8.8.8.8,53
10.10.0.100,56235,8.8.8.8,53
10.10.0.100,43916,8.8.8.8,53
10.10.0.100,62533,8.8.8.8,53
10.10.0.100,60485,8.8.8.8,53
10.10.0.100,37574,8.8.8.8,53
10.10.0.100,1770,8.8.8.8,53
10.10.0.100,48423,8.8.8.8,53
10.10.0.100,65162,8.8.8.8,53
10.10.0.100,45220,8.8.8.8,53
10.10.0.100,56235,8.8.8.8,53
10.10.0.100,44014,8.8.8.8,53
10.10.0.100,36028,8.8.8.8,53
10.10.0.100,41076,8.8.8.8,53
10.10.0.100,36352,8.8.8.8,53
10.10.0.100,61221,8.8.8.8,53
10.10.0.100,49681,8.8.8.8,53
10.10.0.100,50404,8.8.8.8,53
10.10.0.100,36452,8.8.8.8,53
10.10.0.100,48423,8.8.8.8,53
10.10.0.100,58411,8.8.8.8,53
10.10.0.100,36179,8.8.8.8,53
10.10.0.100,60075,8.8.8.8,53
10.10.0.100,41310,8.8.8.8,53
10.10.0.100,58909,8.8.8.8,53
10.10.0.100,51817,8.8.8.8,53
10.10.0.100,41076,8.8.8.8,53
10.10.0.100,50404,8.8.8.8,53
10.10.0.100,37574,8.8.8.8,53
10.10.0.100,49681,8.8.8.8,53
10.10.0.100,48520,8.8.8.8,53
10.10.0.100,51219,8.8.8.8,53
10.10.0.100,60075,8.8.8.8,53
10.10.0.100,48464,8.8.8.8,53
10.10.0.100,65162,8.8.8.8,53
10.10.0.100,4973,8.8.8.8,53
10.10.0.100,36179,8.8.8.8,53
10.10.0.100,61842,8.8.8.8,53
10.10.0.100,42910,8.8.8.8,53
10.10.0.100,51817,8.8.8.8,53
10.10.0.100,61288,8.8.8.8,53
10.10.0.100,63789,8.8.8.8,53
10.10.0.100,34340,8.8.8.8,53
10.10.0.100,40860,8.8.8.8,53
10.10.0.100,51219,8.8.8.8,53
10.10.0.100,43965,8.8.8.8,53
10.10.0.100,43711,8.8.8.8,53
10.10.0.100,61357,8.8.8.8,53
10.10.0.100,56123,8.8.8.8,53
10.10.0.100,61288,8.8.8.8,53
10.10.0.100,46747,8.8.8.8,53
10.10.0.100,36073,8.8.8.8,53
10.10.0.100,58909,8.8.8.8,53
10.10.0.100,59164,8.8.8.8,53
10.10.0.100,61842,8.8.8.8,53
10.10.0.100,38424,8.8.8.8,53
10.10.0.100,47697,8.8.8.8,53
10.10.0.100,63789,8.8.8.8,53
10.10.0.100,48520,8.8.8.8,53
10.10.0.100,53499,8.8.8.8,53
10.10.0.100,61357,8.8.8.8,53
10.10.0.100,6435,8.8.8.8,53
10.10.0.100,58231,8.8.8.8,53
10.10.0.100,13090,8.8.8.8,53
10.10.0.100,38424,8.8.8.8,53
10.10.0.100,58231,8.8.8.8,53
10.10.0.100,57606,8.8.8.8,53
10.10.0.100,52343,8.8.8.8,53
10.10.0.100,57203,8.8.8.8,53
10.10.0.100,53055,8.8.8.8,53
10.10.0.100,61844,8.8.8.8,53
10.10.0.100,40224,8.8.8.8,53
10.10.0.100,57203,8.8.8.8,53
10.10.0.100,49330,8.8.8.8,53
10.10.0.100,42910,8.8.8.8,53
10.10.0.100,65293,8.8.8.8,53
10.10.0.100,34340,8.8.8.8,53
10.10.0.100,41575,8.8.8.8,53
10.10.0.100,56123,8.8.8.8,53
10.10.0.100,49001,216.58.214.228,443
10.10.0.100,49280,8.8.8.8,53
10.10.0.100,43965,8.8.8.8,53
10.10.0.100,63399,8.8.8.8,53
10.10.0.100,49330,8.8.8.8,53
10.10.0.100,34096,8.8.8.8,53
10.10.0.100,52231,8.8.8.8,53
10.10.0.100,52343,8.8.8.8,53
10.10.0.100,43104,104.244.42.69,443
10.10.0.100,1253,8.8.8.8,53
10.10.0.100,61844,8.8.8.8,53
10.10.0.100,49280,8.8.8.8,53
10.10.0.100,1091,8.8.8.8,53
10.10.0.100,48764,8.8.8.8,53
10.10.0.100,63399,8.8.8.8,53
10.10.0.100,52231,8.8.8.8,53
10.10.0.100,40859,8.8.8.8,53
10.10.0.100,40537,8.8.8.8,53
10.10.0.100,48764,8.8.8.8,53
10.10.0.100,16737,8.8.8.8,53
10.10.0.100,61843,8.8.8.8,53
10.10.0.100,51573,8.8.8.8,53
10.10.0.100,40177,8.8.8.8,53
10.10.0.100,21570,8.8.8.8,53
10.10.0.100,48625,8.8.8.8,53
10.10.0.100,50650,8.8.8.8,53
10.10.0.100,64415,8.8.8.8,53
10.10.0.100,33946,8.8.8.8,53
10.10.0.100,40174,8.8.8.8,53
10.10.0.100,49720,13.107.3.128,443
10.10.0.100,38837,8.8.8.8,53
10.10.0.100,54842,8.8.8.8,53
10.10.0.100,46885,8.8.8.8,53
10.10.0.100,46885,8.8.8.8,53
10.10.0.100,54842,8.8.8.8,53
10.10.0.100,57205,8.8.8.8,53
10.10.0.100,57205,8.8.8.8,53
10.10.0.100,61467,8.8.8.8,53
10.10.0.100,42133,8.8.8.8,53
10.10.0.100,45726,172.217.18.74,443
10.10.0.100,61467,8.8.8.8,53
10.10.0.100,37975,8.8.8.8,53
10.10.0.100,37638,216.58.214.206,80
10.10.0.100,55367,8.8.8.8,53
10.10.0.100,60318,8.8.8.8,53
10.10.0.100,48536,8.8.8.8,53
10.10.0.100,41249,8.8.8.8,53
10.10.0.100,49997,8.8.8.8,53
10.10.0.100,55367,8.8.8.8,53
10.10.0.100,54993,8.8.8.8,53
10.10.0.100,47353,8.8.8.8,53
10.10.0.100,48536,8.8.8.8,53
10.10.0.100,41249,8.8.8.8,53
10.10.0.100,44011,8.8.8.8,53
10.10.0.100,38060,172.217.20.3,80
10.10.0.100,57597,8.8.8.8,53
10.10.0.100,46070,8.8.8.8,53
10.10.0.100,3680,8.8.8.8,53
10.10.0.100,44011,8.8.8.8,53
10.10.0.100,47353,8.8.8.8,53
10.10.0.100,46356,95.100.197.107,443
10.10.0.100,57597,8.8.8.8,53
10.10.0.100,46070,8.8.8.8,53
10.10.0.100,37649,216.58.214.206,80
10.10.0.100,3680,8.8.8.8,53
10.10.0.100,40324,8.8.8.8,53
10.10.0.100,54993,8.8.8.8,53
10.10.0.100,40324,8.8.8.8,53
10.10.0.100,43150,173.194.76.188,5228
10.10.0.100,51240,8.8.8.8,53
10.10.0.100,43168,173.194.76.188,5228
10.10.0.100,49863,104.244.42.2,443
10.10.0.100,37628,216.58.214.195,80
10.10.0.100,51240,8.8.8.8,53
10.10.0.100,46977,8.8.8.8,53
10.10.0.100,63485,8.8.8.8,53
10.10.0.100,45483,192.229.220.133,443
10.10.0.100,46977,8.8.8.8,53
10.10.0.100,63485,8.8.8.8,53
10.10.0.100,2001,8.8.8.8,53
10.10.0.100,44075,8.8.8.8,53
10.10.0.100,37658,216.58.214.195,80
10.10.0.100,44075,8.8.8.8,53
10.10.0.100,2001,8.8.8.8,53
10.10.0.100,56884,8.8.8.8,53
10.10.0.100,41178,68.232.34.217,443
10.10.0.100,39690,8.8.8.8,53
10.10.0.100,56884,8.8.8.8,53
10.10.0.100,46408,104.244.42.130,443
10.10.0.100,23490,8.8.8.8,53
10.10.0.100,41757,203.205.179.181,80
10.10.0.100,47883,8.8.8.8,53
10.10.0.100,37662,216.58.214.206,80
10.10.0.100,47883,8.8.8.8,53
10.10.0.100,39690,8.8.8.8,53
10.10.0.100,41757,203.205.179.181,80
10.10.0.100,23490,8.8.8.8,53
10.10.0.100,40807,93.184.220.70,443
10.10.0.100,37643,216.58.214.195,80
10.10.0.100,38076,172.217.20.3,80
10.10.0.100,36763,8.8.8.8,53
10.10.0.100,38088,172.217.20.3,80
10.10.0.100,40825,93.184.220.70,443
10.10.0.100,43817,8.8.8.8,53
10.10.0.100,49030,216.58.214.228,443
10.10.0.100,43817,8.8.8.8,53
10.10.0.100,36763,8.8.8.8,53
10.10.0.100,42846,8.8.8.8,53
10.10.0.100,15109,8.8.8.8,53
10.10.0.100,35845,8.8.8.8,53
10.10.0.100,64823,8.8.8.8,53
10.10.0.100,15109,8.8.8.8,53
10.10.0.100,42846,8.8.8.8,53
10.10.0.100,64823,8.8.8.8,53
10.10.0.100,59502,8.8.8.8,53
10.10.0.100,35845,8.8.8.8,53
10.10.0.100,60419,8.8.8.8,53
10.10.0.100,45746,172.217.18.74,443
10.10.0.100,48849,8.8.8.8,53
10.10.0.100,59502,8.8.8.8,53
10.10.0.100,51934,8.8.8.8,53
10.10.0.100,51934,8.8.8.8,53
10.10.0.100,60419,8.8.8.8,53
10.10.0.100,48849,8.8.8.8,53
10.10.0.100,49880,104.244.42.2,443
10.10.0.100,45495,192.229.220.133,443
10.10.0.100,52040,8.8.8.8,53
10.10.0.100,45470,8.8.8.8,53
10.10.0.100,45470,8.8.8.8,53
10.10.0.100,1430,8.8.8.8,53
10.10.0.100,49018,216.58.214.228,443
10.10.0.100,40838,93.184.220.70,443
10.10.0.100,43132,104.244.42.69,443
10.10.0.100,52040,8.8.8.8,53
10.10.0.100,1430,8.8.8.8,53
10.10.0.100,40898,8.8.8.8,53
10.10.0.100,61968,8.8.8.8,53
10.10.0.100,63852,8.8.8.8,53
10.10.0.100,41793,8.8.8.8,53
10.10.0.100,53125,8.8.8.8,53
10.10.0.100,65050,8.8.8.8,53
10.10.0.100,61968,8.8.8.8,53
10.10.0.100,40898,8.8.8.8,53
10.10.0.100,63376,8.8.8.8,53
10.10.0.100,63852,8.8.8.8,53
10.10.0.100,65050,8.8.8.8,53
10.10.0.100,41432,8.8.8.8,53
10.10.0.100,41793,8.8.8.8,53
10.10.0.100,53125,8.8.8.8,53
10.10.0.100,42533,8.8.8.8,53
10.10.0.100,60522,8.8.8.8,53
10.10.0.100,63725,8.8.8.8,53
10.10.0.100,63376,8.8.8.8,53
10.10.0.100,42533,8.8.8.8,53
10.10.0.100,53137,8.8.8.8,53
10.10.0.100,60197,8.8.8.8,53
10.10.0.100,45368,172.217.19.106,443
10.10.0.100,60197,8.8.8.8,53
10.10.0.100,41432,8.8.8.8,53
10.10.0.100,48375,8.8.8.8,53
10.10.0.100,38103,172.217.20.3,80
10.10.0.100,63725,8.8.8.8,53
10.10.0.100,58933,8.8.8.8,53
10.10.0.100,42545,74.125.71.188,5228
10.10.0.100,60522,8.8.8.8,53
10.10.0.100,34810,8.8.8.8,53
10.10.0.100,48375,8.8.8.8,53
10.10.0.100,53137,8.8.8.8,53
10.10.0.100,37682,216.58.214.206,80
10.10.0.100,51543,8.8.8.8,53
10.10.0.100,50910,8.8.8.8,53
10.10.0.100,34810,8.8.8.8,53
10.10.0.100,58933,8.8.8.8,53
10.10.0.100,39863,8.8.8.8,53
10.10.0.100,62597,8.8.8.8,53
10.10.0.100,50910,8.8.8.8,53
10.10.0.100,62597,8.8.8.8,53
10.10.0.100,39863,8.8.8.8,53
10.10.0.100,36471,8.8.8.8,53
10.10.0.100,37334,8.8.8.8,53
10.10.0.100,51543,8.8.8.8,53
10.10.0.100,36471,8.8.8.8,53
10.10.0.100,37334,8.8.8.8,53
10.10.0.100,43180,173.194.76.188,5228
10.10.0.100,36224,8.8.8.8,53
10.10.0.100,45356,172.217.19.106,443
10.10.0.100,36224,8.8.8.8,53
10.10.0.100,41223,68.232.34.217,443
10.10.0.100,47972,18.194.9.3,443
10.10.0.100,40690,216.58.214.202,443
10.10.0.100,43133,192.229.233.50,443
10.10.0.100,63794,8.8.8.8,53
10.10.0.100,6200,8.8.8.8,53
10.10.0.100,43142,104.244.42.69,443
10.10.0.100,63794,8.8.8.8,53
10.10.0.100,64864,8.8.8.8,53
10.10.0.100,6200,8.8.8.8,53
10.10.0.100,41157,8.8.8.8,53
10.10.0.100,64864,8.8.8.8,53
10.10.0.100,41157,8.8.8.8,53
10.10.0.100,38384,8.8.8.8,53
10.10.0.100,39698,151.101.1.140,443
10.10.0.100,27729,8.8.8.8,53
10.10.0.100,27729,8.8.8.8,53
10.10.0.100,38384,8.8.8.8,53
10.10.0.100,1510,8.8.8.8,53
10.10.0.100,1510,8.8.8.8,53
10.10.0.100,54628,8.8.8.8,53
10.10.0.100,35834,8.8.8.8,53
10.10.0.100,54628,8.8.8.8,53
10.10.0.100,35834,8.8.8.8,53
10.10.0.100,4643,8.8.8.8,53
10.10.0.100,37671,216.58.214.195,80
10.10.0.100,4643,8.8.8.8,53
10.10.0.100,49044,216.58.214.228,443
10.10.0.100,26970,8.8.8.8,53
10.10.0.100,26970,8.8.8.8,53
10.10.0.100,12077,8.8.8.8,53
10.10.0.100,49892,104.244.42.2,443
10.10.0.100,12077,8.8.8.8,53
10.10.0.100,40704,216.58.214.202,443
10.10.0.100,40885,8.8.8.8,53
10.10.0.100,40885,8.8.8.8,53
10.10.0.100,44331,104.74.100.205,443
10.10.0.100,60773,8.8.8.8,53
10.10.0.100,6288,8.8.8.8,53
10.10.0.100,60773,8.8.8.8,53
10.10.0.100,6288,8.8.8.8,53
10.10.0.100,11092,8.8.8.8,53
10.10.0.100,12666,8.8.8.8,53
10.10.0.100,11092,8.8.8.8,53
10.10.0.100,12666,8.8.8.8,53
10.10.0.100,5306,8.8.8.8,53
10.10.0.100,5306,8.8.8.8,53
10.10.0.100,47973,18.194.9.3,443
10.10.0.100,42023,143.204.98.215,443
10.10.0.100,39514,35.190.88.7,443
10.10.0.100,47201,8.8.8.8,53
10.10.0.100,47201,8.8.8.8,53
10.10.0.100,41304,209.234.224.22,443
10.10.0.100,42027,143.204.98.215,443
10.10.0.100,40322,35.186.249.84,443
10.10.0.100,41307,209.234.224.22,443
10.10.0.100,31434,8.8.8.8,53
10.10.0.100,31434,8.8.8.8,53
10.10.0.100,47214,35.244.144.168,443
10.10.0.100,42670,8.8.8.8,53
10.10.0.100,47565,8.8.8.8,53
10.10.0.100,45013,8.8.8.8,53
10.10.0.100,46511,203.205.179.182,443
10.10.0.100,1607,8.8.8.8,53
10.10.0.100,45822,8.8.8.8,53
10.10.0.100,41299,8.8.8.8,53
10.10.0.100,55826,8.8.8.8,53
10.10.0.100,51171,8.8.8.8,53
10.10.0.100,51508,8.8.8.8,53
10.10.0.100,42363,8.8.8.8,53
10.10.0.100,47160,8.8.8.8,53
10.10.0.100,44237,203.205.179.182,80
10.10.0.100,46158,203.205.219.196,80
10.10.0.100,49765,193.230.161.231,80
10.10.0.100,40748,8.8.8.8,53
10.10.0.100,51255,8.8.8.8,53
10.10.0.100,65385,8.8.8.8,53
10.10.0.100,56688,8.8.8.8,53
10.10.0.100,41712,203.205.179.181,80
10.10.0.100,39652,203.205.179.205,8080
10.10.0.100,42409,203.205.255.143,80
10.10.0.100,28031,8.8.8.8,53
10.10.0.100,59870,8.8.8.8,53
10.10.0.100,40815,101.226.211.106,80
10.10.0.100,54150,8.8.8.8,53
10.10.0.100,49242,8.8.8.8,53
10.10.0.100,38424,8.8.8.8,53
10.10.0.100,46788,8.8.8.8,53
10.10.0.100,40224,8.8.8.8,53
10.10.0.100,40859,8.8.8.8,53
10.10.0.100,46747,8.8.8.8,53
10.10.0.100,42429,203.205.255.143,80
10.10.0.100,46541,203.205.179.182,443
10.10.0.100,65293,8.8.8.8,53
10.10.0.100,60485,8.8.8.8,53
10.10.0.100,59614,8.8.8.8,53
10.10.0.100,35437,8.8.8.8,53
10.10.0.100,40382,8.8.8.8,53
10.10.0.100,51573,8.8.8.8,53
10.10.0.100,53162,8.8.8.8,53
10.10.0.100,64415,8.8.8.8,53
10.10.0.100,51817,8.8.8.8,53
10.10.0.100,61844,8.8.8.8,53
10.10.0.100,51554,8.8.8.8,53
10.10.0.100,36028,8.8.8.8,53
10.10.0.100,40177,8.8.8.8,53
10.10.0.100,37821,149.154.167.92,5222
10.10.0.100,39661,203.205.179.205,8080
10.10.0.100,62533,8.8.8.8,53
10.10.0.100,27883,8.8.8.8,53
10.10.0.100,57606,8.8.8.8,53
10.10.0.100,56980,8.8.8.8,53
10.10.0.100,1091,8.8.8.8,53
10.10.0.100,41310,8.8.8.8,53
10.10.0.100,41659,149.154.167.50,443
10.10.0.100,47046,203.205.254.125,8080
10.10.0.100,65258,8.8.8.8,53
10.10.0.100,37975,8.8.8.8,53
10.10.0.100,42405,8.8.8.8,53
10.10.0.100,43916,8.8.8.8,53
10.10.0.100,10579,8.8.8.8,53
10.10.0.100,58909,8.8.8.8,53
10.10.0.100,46661,8.8.8.8,53
10.10.0.100,55661,8.8.8.8,53
10.10.0.100,56123,8.8.8.8,53
10.10.0.100,50587,8.8.8.8,53
10.10.0.100,52343,8.8.8.8,53
10.10.0.100,55533,8.8.8.8,53
10.10.0.100,45122,203.205.235.151,8080
10.10.0.100,63888,8.8.8.8,53
10.10.0.100,45383,8.8.8.8,53
10.10.0.100,37817,149.154.167.92,5222
10.10.0.100,42419,203.205.255.143,80
10.10.0.100,49046,8.8.8.8,53
10.10.0.100,38112,8.8.8.8,53
10.10.0.100,62562,8.8.8.8,53
10.10.0.100,13090,8.8.8.8,53
10.10.0.100,42670,8.8.8.8,53
10.10.0.100,36179,8.8.8.8,53
10.10.0.100,54940,8.8.8.8,53
10.10.0.100,50650,8.8.8.8,53
10.10.0.100,49681,8.8.8.8,53
10.10.0.100,1184,8.8.8.8,53
10.10.0.100,52076,8.8.8.8,53
10.10.0.100,47697,8.8.8.8,53
10.10.0.100,35267,8.8.8.8,53
10.10.0.100,16737,8.8.8.8,53
10.10.0.100,60578,8.8.8.8,53
10.10.0.100,21236,8.8.8.8,53
10.10.0.100,58411,8.8.8.8,53
10.10.0.100,47569,8.8.8.8,53
10.10.0.100,36423,8.8.8.8,53
10.10.0.100,36073,8.8.8.8,53
10.10.0.100,53055,8.8.8.8,53
10.10.0.100,50404,8.8.8.8,53
10.10.0.100,51219,8.8.8.8,53
10.10.0.100,43495,8.8.8.8,53
10.10.0.100,41683,203.205.179.182,8080
10.10.0.100,34096,8.8.8.8,53
10.10.0.100,63399,8.8.8.8,53
10.10.0.100,43965,8.8.8.8,53
10.10.0.100,35524,8.8.8.8,53
10.10.0.100,1607,8.8.8.8,53
10.10.0.100,41575,8.8.8.8,53
10.10.0.100,49280,8.8.8.8,53
10.10.0.100,48503,203.205.232.116,8080
10.10.0.100,56235,8.8.8.8,53
10.10.0.100,39633,157.240.2.54,5222
10.10.0.100,40860,8.8.8.8,53
10.10.0.100,37574,8.8.8.8,53
10.10.0.100,36352,8.8.8.8,53
10.10.0.100,41954,203.205.179.203,443
10.10.0.100,54776,8.8.8.8,53
10.10.0.100,12721,8.8.8.8,53
10.10.0.100,65454,8.8.8.8,53
10.10.0.100,36452,8.8.8.8,53
10.10.0.100,41721,203.205.179.181,80
10.10.0.100,41436,8.8.8.8,53
10.10.0.100,46554,8.8.8.8,53
10.10.0.100,46388,8.8.8.8,53
10.10.0.100,36112,8.8.8.8,53
10.10.0.100,41734,203.205.179.181,80
10.10.0.100,37559,8.8.8.8,53
10.10.0.100,44014,8.8.8.8,53
10.10.0.100,49997,8.8.8.8,53
10.10.0.100,43885,8.8.8.8,53
10.10.0.100,49330,8.8.8.8,53
10.10.0.100,61843,8.8.8.8,53
10.10.0.100,43711,8.8.8.8,53
10.10.0.100,41945,203.205.179.203,443
10.10.0.100,48625,8.8.8.8,53
10.10.0.100,51879,8.8.8.8,53
10.10.0.100,55826,8.8.8.8,53
10.10.0.100,4973,8.8.8.8,53
10.10.0.100,39905,8.8.8.8,53
10.10.0.100,51171,8.8.8.8,53
10.10.0.100,42910,8.8.8.8,53
10.10.0.100,1253,8.8.8.8,53
10.10.0.100,41742,203.205.179.181,80
10.10.0.100,61221,8.8.8.8,53
10.10.0.100,1770,8.8.8.8,53
10.10.0.100,44257,203.205.179.182,80
10.10.0.100,38837,8.8.8.8,53
10.10.0.100,39106,8.8.8.8,53
10.10.0.100,44863,8.8.4.4,53
10.10.0.100,59692,8.8.8.8,53
10.10.0.100,52306,8.8.8.8,53
10.10.0.100,49765,193.230.161.231,80
10.10.0.100,45220,8.8.8.8,53
10.10.0.100,25051,8.8.8.8,53
10.10.0.100,62272,8.8.8.8,53
10.10.0.100,41757,203.205.179.181,80
10.10.0.100,40748,8.8.8.8,53
10.10.0.100,58871,8.8.8.8,53
10.10.0.100,34340,8.8.8.8,53
10.10.0.100,47376,8.8.8.8,53
10.10.0.100,59164,8.8.8.8,53
10.10.0.100,48423,8.8.8.8,53
10.10.0.100,38951,8.8.8.8,53
10.10.0.100,60318,8.8.8.8,53
10.10.0.100,33946,8.8.8.8,53
10.10.0.100,61357,8.8.8.8,53
10.10.0.100,56688,8.8.8.8,53
10.10.0.100,48464,8.8.8.8,53
10.10.0.100,39652,203.205.179.205,8080
10.10.0.100,55133,8.8.8.8,53
10.10.0.100,47996,8.8.8.8,53
10.10.0.100,63789,8.8.8.8,53
10.10.0.100,47972,18.194.9.3,443
10.10.0.100,49079,149.154.167.50,5222
10.10.0.100,64226,8.8.8.8,53
10.10.0.100,40537,8.8.8.8,53
10.10.0.100,43247,8.8.8.8,53
10.10.0.100,61842,8.8.8.8,53
10.10.0.100,55040,8.8.8.8,53
10.10.0.100,42133,8.8.8.8,53
10.10.0.100,58747,8.8.8.8,53
10.10.0.100,40174,8.8.8.8,53
10.10.0.100,41738,203.205.179.181,80
10.10.0.100,36582,8.8.8.8,53
10.10.0.100,21570,8.8.8.8,53
10.10.0.100,6435,8.8.8.8,53
10.10.0.100,46176,203.205.219.196,80
10.10.0.100,38966,8.8.8.8,53
10.10.0.100,52231,8.8.8.8,53
10.10.0.100,59870,8.8.8.8,53
10.10.0.100,40815,101.226.211.106,80
10.10.0.100,54129,8.8.8.8,53
10.10.0.100,58989,8.8.8.8,53
10.10.0.100,64375,8.8.8.8,53
10.10.0.100,53499,8.8.8.8,53
10.10.0.100,41076,8.8.8.8,53
10.10.0.100,60075,8.8.8.8,53
10.10.0.100,47973,18.194.9.3,443
10.10.0.100,45458,8.8.8.8,53
10.10.0.100,37818,149.154.167.92,5222
10.10.0.100,42605,104.74.91.221,443
10.10.0.100,44439,23.3.108.33,443
10.10.0.100,43150,173.194.76.188,5228
10.10.0.100,40807,93.184.220.70,443
10.10.0.100,45495,192.229.220.133,443
10.10.0.100,41178,68.232.34.217,443
10.10.0.100,43142,104.244.42.69,443
10.10.0.100,49335,157.240.20.53,5222
10.10.0.100,37026,185.60.216.54,5222
10.10.0.100,46569,203.205.179.182,443
10.10.0.100,37055,185.60.216.54,5222
10.10.0.100,40838,93.184.220.70,443
10.10.0.100,39514,35.190.88.7,443
10.10.0.100,45726,172.217.18.74,443
10.10.0.100,41721,203.205.179.182,8080
10.10.0.100,40825,93.184.220.70,443
10.10.0.100,57597,8.8.8.8,53
10.10.0.100,63725,8.8.8.8,53
10.10.0.100,63485,8.8.8.8,53
10.10.0.100,44075,8.8.8.8,53
10.10.0.100,54842,8.8.8.8,53
10.10.0.100,45367,216.58.214.206,443
10.10.0.100,63794,8.8.8.8,53
10.10.0.100,45470,8.8.8.8,53
10.10.0.100,41157,8.8.8.8,53
10.10.0.100,1430,8.8.8.8,53
10.10.0.100,41307,209.234.224.22,443
10.10.0.100,52040,8.8.8.8,53
10.10.0.100,54628,8.8.8.8,53
10.10.0.100,27729,8.8.8.8,53
10.10.0.100,46408,104.244.42.130,443
10.10.0.100,26970,8.8.8.8,53
10.10.0.100,23490,8.8.8.8,53
10.10.0.100,48375,8.8.8.8,53
10.10.0.100,31434,8.8.8.8,53
10.10.0.100,47214,35.244.144.168,443
10.10.0.100,63852,8.8.8.8,53
10.10.0.100,37441,216.58.214.228,443
10.10.0.100,42545,74.125.71.188,5228
10.10.0.100,42605,104.74.91.221,443
10.10.0.100,1510,8.8.8.8,53
10.10.0.100,45356,172.217.19.106,443
10.10.0.100,64823,8.8.8.8,53
10.10.0.100,38088,172.217.20.3,80
10.10.0.100,43132,104.244.42.69,443
10.10.0.100,57205,8.8.8.8,53
10.10.0.100,49030,216.58.214.228,443
10.10.0.100,65050,8.8.8.8,53
10.10.0.100,51543,8.8.8.8,53
10.10.0.100,35845,8.8.8.8,53
10.10.0.100,44876,149.154.167.92,443
10.10.0.100,47209,172.217.19.106,443
10.10.0.100,4643,8.8.8.8,53
10.10.0.100,41793,8.8.8.8,53
10.10.0.100,55367,8.8.8.8,53
10.10.0.100,47883,8.8.8.8,53
10.10.0.100,38076,172.217.20.3,80
10.10.0.100,53137,8.8.8.8,53
10.10.0.100,37671,216.58.214.195,80
10.10.0.100,38060,172.217.20.3,80
10.10.0.100,58933,8.8.8.8,53
10.10.0.100,48764,8.8.8.8,53
10.10.0.100,2001,8.8.8.8,53
10.10.0.100,61968,8.8.8.8,53
10.10.0.100,40885,8.8.8.8,53
10.10.0.100,6288,8.8.8.8,53
10.10.0.100,53125,8.8.8.8,53
10.10.0.100,47201,8.8.8.8,53
10.10.0.100,49018,216.58.214.228,443
10.10.0.100,42533,8.8.8.8,53
10.10.0.100,54993,8.8.8.8,53
10.10.0.100,46070,8.8.8.8,53
10.10.0.100,57203,8.8.8.8,53
10.10.0.100,36224,8.8.8.8,53
10.10.0.100,49720,13.107.3.128,443
10.10.0.100,40322,35.186.249.84,443
10.10.0.100,42023,143.204.98.215,443
10.10.0.100,46356,95.100.197.107,443
10.10.0.100,41432,8.8.8.8,53
10.10.0.100,61467,8.8.8.8,53
10.10.0.100,5306,8.8.8.8,53
10.10.0.100,46885,8.8.8.8,53
10.10.0.100,64864,8.8.8.8,53
10.10.0.100,40704,216.58.214.202,443
10.10.0.100,43168,173.194.76.188,5228
10.10.0.100,60773,8.8.8.8,53
10.10.0.100,11092,8.8.8.8,53
10.10.0.100,45746,172.217.18.74,443
10.10.0.100,49044,216.58.214.228,443
10.10.0.100,37638,216.58.214.206,80
10.10.0.100,49880,104.244.42.2,443
10.10.0.100,36763,8.8.8.8,53
10.10.0.100,38476,216.58.214.206,443
10.10.0.100,62597,8.8.8.8,53
10.10.0.100,49001,216.58.214.228,443
10.10.0.100,40690,216.58.214.202,443
10.10.0.100,44884,149.154.167.92,443
10.10.0.100,43104,104.244.42.69,443
10.10.0.100,41249,8.8.8.8,53
10.10.0.100,37658,216.58.214.195,80
10.10.0.100,39863,8.8.8.8,53
10.10.0.100,44439,23.3.108.33,443
10.10.0.100,50910,8.8.8.8,53
10.10.0.100,59502,8.8.8.8,53
10.10.0.100,3680,8.8.8.8,53
10.10.0.100,37334,8.8.8.8,53
10.10.0.100,41304,209.234.224.22,443
10.10.0.100,6200,8.8.8.8,53
10.10.0.100,12666,8.8.8.8,53
10.10.0.100,46596,203.205.179.182,443
10.10.0.100,51934,8.8.8.8,53
10.10.0.100,48536,8.8.8.8,53
10.10.0.100,37649,216.58.214.206,80
10.10.0.100,37682,216.58.214.206,80
10.10.0.100,63376,8.8.8.8,53
10.10.0.100,46977,8.8.8.8,53
10.10.0.100,43133,192.229.233.50,443
10.10.0.100,36471,8.8.8.8,53
10.10.0.100,39690,8.8.8.8,53
10.10.0.100,35834,8.8.8.8,53
10.10.0.100,43817,8.8.8.8,53
10.10.0.100,51240,8.8.8.8,53
10.10.0.100,44917,149.154.167.92,443
10.10.0.100,39698,151.101.1.140,443
10.10.0.100,44331,104.74.100.205,443
10.10.0.100,45483,192.229.220.133,443
10.10.0.100,12077,8.8.8.8,53
10.10.0.100,44011,8.8.8.8,53
10.10.0.100,42027,143.204.98.215,443
10.10.0.100,39571,162.159.200.1,123
10.10.0.100,40898,8.8.8.8,53
10.10.0.100,34810,8.8.8.8,53
10.10.0.100,60522,8.8.8.8,53
10.10.0.100,60419,8.8.8.8,53
10.10.0.100,38103,172.217.20.3,80
10.10.0.100,46582,203.205.179.182,443
10.10.0.100,40324,8.8.8.8,53
10.10.0.100,56884,8.8.8.8,53
10.10.0.100,48849,8.8.8.8,53
10.10.0.100,37628,216.58.214.195,80
10.10.0.100,49863,104.244.42.2,443
10.10.0.100,47353,8.8.8.8,53
10.10.0.100,58231,8.8.8.8,53
10.10.0.100,15109,8.8.8.8,53
10.10.0.100,60197,8.8.8.8,53
10.10.0.100,43180,173.194.76.188,5228
10.10.0.100,49988,157.240.20.53,443
10.10.0.100,45368,172.217.19.106,443
10.10.0.100,37662,216.58.214.206,80
10.10.0.100,49892,104.244.42.2,443
10.10.0.100,38384,8.8.8.8,53
10.10.0.100,37643,216.58.214.195,80
10.10.0.100,42846,8.8.8.8,53
10.10.0.100,28965,8.8.8.8,53
10.10.0.100,39510,216.58.214.197,443
10.10.0.100,41847,203.205.179.181,80
10.10.0.100,41847,203.205.179.181,80
10.10.0.100,45360,8.8.8.8,53
10.10.0.100,37197,8.8.8.8,53
10.10.0.100,39011,8.8.8.8,53
10.10.0.100,45360,8.8.8.8,53
10.10.0.100,37197,8.8.8.8,53
10.10.0.100,39011,8.8.8.8,53
10.10.0.100,37735,216.58.214.195,80
10.10.0.100,34703,8.8.8.8,53
10.10.0.100,49113,216.58.214.228,443
10.10.0.100,27057,8.8.8.8,53
10.10.0.100,49107,216.58.214.228,443
10.10.0.100,27057,8.8.8.8,53
10.10.0.100,34703,8.8.8.8,53
10.10.0.100,46477,108.177.15.188,5228
10.10.0.100,46466,108.177.15.188,5228
10.10.0.100,38165,172.217.20.3,80
10.10.0.100,44290,172.217.20.10,443
10.10.0.100,64186,8.8.8.8,53
10.10.0.100,42616,8.8.8.8,53
10.10.0.100,64186,8.8.8.8,53
10.10.0.100,48660,8.8.8.8,53
10.10.0.100,54550,8.8.8.8,53
10.10.0.100,42616,8.8.8.8,53
10.10.0.100,48660,8.8.8.8,53
10.10.0.100,54550,8.8.8.8,53
10.10.0.100,56802,8.8.8.8,53
10.10.0.100,37751,216.58.214.195,80
10.10.0.100,37740,216.58.214.195,80
10.10.0.100,61876,8.8.8.8,53
10.10.0.100,45320,203.205.179.205,80
10.10.0.100,56802,8.8.8.8,53
10.10.0.100,64241,8.8.8.8,53
10.10.0.100,61876,8.8.8.8,53
10.10.0.100,38172,172.217.20.3,80
10.10.0.100,45320,203.205.179.205,80
10.10.0.100,41688,8.8.8.8,53
10.10.0.100,65168,8.8.8.8,53
10.10.0.100,64241,8.8.8.8,53
10.10.0.100,61480,8.8.8.8,53
10.10.0.100,64307,8.8.8.8,53
10.10.0.100,41688,8.8.8.8,53
10.10.0.100,61480,8.8.8.8,53
10.10.0.100,65168,8.8.8.8,53
10.10.0.100,46647,8.8.8.8,53
10.10.0.100,38176,172.217.20.3,80
10.10.0.100,64307,8.8.8.8,53
10.10.0.100,46647,8.8.8.8,53
10.10.0.100,47692,8.8.8.8,53
10.10.0.100,58654,8.8.8.8,53
10.10.0.100,44248,8.8.8.8,53
10.10.0.100,58654,8.8.8.8,53
10.10.0.100,47692,8.8.8.8,53
10.10.0.100,44248,8.8.8.8,53
10.10.0.100,44309,172.217.20.10,443
10.10.0.100,41086,172.217.16.106,443
10.10.0.100,49163,8.8.8.8,53
10.10.0.100,62235,8.8.8.8,53
10.10.0.100,49124,216.58.214.228,443
10.10.0.100,49163,8.8.8.8,53
10.10.0.100,62235,8.8.8.8,53
10.10.0.100,55680,8.8.8.8,53
10.10.0.100,38183,172.217.20.3,80
10.10.0.100,46495,108.177.15.188,5228
10.10.0.100,55680,8.8.8.8,53
10.10.0.100,41121,8.8.8.8,53
10.10.0.100,46472,108.177.15.188,5228
10.10.0.100,41121,8.8.8.8,53
10.10.0.100,52543,8.8.8.8,53
10.10.0.100,44296,172.217.20.10,443
10.10.0.100,52543,8.8.8.8,53
10.10.0.100,39832,8.8.8.8,53
10.10.0.100,37745,216.58.214.195,80
10.10.0.100,39832,8.8.8.8,53
10.10.0.100,38189,172.217.20.3,80
10.10.0.100,49118,216.58.214.228,443
10.10.0.100,49130,216.58.214.228,443
10.10.0.100,60253,8.8.8.8,53
10.10.0.100,60253,8.8.8.8,53
10.10.0.100,47151,74.125.133.188,5228
10.10.0.100,46483,108.177.15.188,5228
10.10.0.100,57726,8.8.8.8,53
10.10.0.100,51239,8.8.8.8,53
10.10.0.100,42357,8.8.8.8,53
10.10.0.100,51239,8.8.8.8,53
10.10.0.100,57726,8.8.8.8,53
10.10.0.100,42357,8.8.8.8,53
10.10.0.100,55014,8.8.8.8,53
10.10.0.100,37757,216.58.214.195,80
10.10.0.100,55014,8.8.8.8,53
10.10.0.100,39165,8.8.8.8,53
10.10.0.100,38195,172.217.20.3,80
10.10.0.100,39165,8.8.8.8,53
10.10.0.100,37763,216.58.214.195,80
10.10.0.100,49136,216.58.214.228,443
10.10.0.100,43664,8.8.8.8,53
10.10.0.100,50306,8.8.8.8,53
10.10.0.100,43664,8.8.8.8,53
10.10.0.100,50306,8.8.8.8,53
10.10.0.100,68,10.10.0.1,67
10.10.0.100,39698,151.101.1.140,443
10.10.0.100,46596,203.205.179.182,443
10.10.0.100,43133,192.229.233.50,443
10.10.0.100,44917,149.154.167.92,443
10.10.0.100,28965,8.8.8.8,53
10.10.0.100,49988,157.240.20.53,443
10.10.0.100,49892,104.244.42.2,443
10.10.0.100,45356,172.217.19.106,443
10.10.0.100,49866,151.101.112.157,443
10.10.0.100,41847,203.205.179.181,80
10.10.0.100,44331,104.74.100.205,443
10.10.0.100,45339,92.123.80.193,443
10.10.0.100,68,255.255.255.255,67
10.10.0.100,47220,104.17.184.177,443
10.10.0.100,38299,92.123.102.113,443
10.10.0.100,45320,203.205.179.205,80
10.10.0.100,45335,92.123.80.193,443
10.10.0.100,39510,216.58.214.197,443
10.10.0.100,44296,172.217.20.10,443
10.10.0.100,43442,216.58.214.228,443
10.10.0.100,37763,216.58.214.195,80
10.10.0.100,64307,8.8.8.8,53
10.10.0.100,49107,216.58.214.228,443
10.10.0.100,37197,8.8.8.8,53
10.10.0.100,64186,8.8.8.8,53
10.10.0.100,46472,108.177.15.188,5228
10.10.0.100,42357,8.8.8.8,53
10.10.0.100,42616,8.8.8.8,53
10.10.0.100,68,10.10.0.1,67
10.10.0.100,38189,172.217.20.3,80
10.10.0.100,44379,203.205.179.182,80
10.10.0.100,38165,172.217.20.3,80
10.10.0.100,45360,8.8.8.8,53
10.10.0.100,41833,203.205.179.182,8080
10.10.0.100,55680,8.8.8.8,53
10.10.0.100,48660,8.8.8.8,53
10.10.0.100,39165,8.8.8.8,53
10.10.0.100,38195,172.217.20.3,80
10.10.0.100,44402,203.205.179.182,80
10.10.0.100,62235,8.8.8.8,53
10.10.0.100,41121,8.8.8.8,53
10.10.0.100,65168,8.8.8.8,53
10.10.0.100,41845,203.205.179.182,8080
10.10.0.100,50306,8.8.8.8,53
10.10.0.100,46477,108.177.15.188,5228
10.10.0.100,46466,108.177.15.188,5228
10.10.0.100,39011,8.8.8.8,53
10.10.0.100,41839,203.205.179.182,8080
10.10.0.100,51239,8.8.8.8,53
10.10.0.100,41688,8.8.8.8,53
10.10.0.100,47151,74.125.133.188,5228
10.10.0.100,54550,8.8.8.8,53
10.10.0.100,61876,8.8.8.8,53
10.10.0.100,43664,8.8.8.8,53
10.10.0.100,34703,8.8.8.8,53
10.10.0.100,46647,8.8.8.8,53
10.10.0.100,49130,216.58.214.228,443
10.10.0.100,61480,8.8.8.8,53
10.10.0.100,37735,216.58.214.195,80
10.10.0.100,39832,8.8.8.8,53
10.10.0.100,49118,216.58.214.228,443
10.10.0.100,64241,8.8.8.8,53
10.10.0.100,44290,172.217.20.10,443
10.10.0.100,37740,216.58.214.195,80
10.10.0.100,49124,216.58.214.228,443
10.10.0.100,44309,172.217.20.10,443
10.10.0.100,58654,8.8.8.8,53
10.10.0.100,56802,8.8.8.8,53
10.10.0.100,47692,8.8.8.8,53
10.10.0.100,38172,172.217.20.3,80
10.10.0.100,46495,108.177.15.188,5228
10.10.0.100,46653,203.205.179.182,443
10.10.0.100,37757,216.58.214.195,80
10.10.0.100,37745,216.58.214.195,80
10.10.0.100,57726,8.8.8.8,53
10.10.0.100,46483,108.177.15.188,5228
10.10.0.100,55014,8.8.8.8,53
10.10.0.100,49113,216.58.214.228,443
10.10.0.100,38176,172.217.20.3,80
10.10.0.100,49163,8.8.8.8,53
10.10.0.100,49136,216.58.214.228,443
10.10.0.100,52543,8.8.8.8,53
10.10.0.100,27057,8.8.8.8,53
10.10.0.100,41086,172.217.16.106,443
10.10.0.100,37751,216.58.214.195,80
10.10.0.100,60253,8.8.8.8,53
10.10.0.100,38183,172.217.20.3,80
10.10.0.100,44248,8.8.8.8,53
10.10.0.100,8902,8.8.8.8,53
10.10.0.100,27206,8.8.8.8,53
10.10.0.100,33165,8.8.8.8,53
10.10.0.100,27206,8.8.8.8,53
10.10.0.100,33165,8.8.8.8,53
10.10.0.100,8902,8.8.8.8,53
10.10.0.100,26102,8.8.8.8,53
10.10.0.100,38205,172.217.20.3,80
10.10.0.100,37773,216.58.214.195,80
10.10.0.100,26102,8.8.8.8,53
10.10.0.100,49146,216.58.214.228,443
10.10.0.100,8526,8.8.8.8,53
10.10.0.100,32774,8.8.8.8,53
10.10.0.100,23666,8.8.8.8,53
10.10.0.100,23666,8.8.8.8,53
10.10.0.100,32774,8.8.8.8,53
10.10.0.100,8526,8.8.8.8,53
10.10.0.100,49972,8.8.8.8,53
10.10.0.100,40574,74.125.140.188,5228
10.10.0.100,49972,8.8.8.8,53
10.10.0.100,6045,8.8.8.8,53
10.10.0.100,45609,192.229.220.133,443
10.10.0.100,51505,8.8.8.8,53
10.10.0.100,43233,192.229.233.50,443
10.10.0.100,46551,104.244.42.130,443
10.10.0.100,6952,8.8.8.8,53
10.10.0.100,51505,8.8.8.8,53
10.10.0.100,6045,8.8.8.8,53
10.10.0.100,6952,8.8.8.8,53
10.10.0.100,44320,172.217.20.10,443
10.10.0.100,22368,8.8.8.8,53
10.10.0.100,22368,8.8.8.8,53
10.10.0.100,45476,172.217.19.106,443
10.10.0.100,30923,8.8.8.8,53
10.10.0.100,30923,8.8.8.8,53
10.10.0.100,26908,8.8.8.8,53
10.10.0.100,8582,8.8.8.8,53
10.10.0.100,4105,8.8.8.8,53
10.10.0.100,4105,8.8.8.8,53
10.10.0.100,26908,8.8.8.8,53
10.10.0.100,8582,8.8.8.8,53
10.10.0.100,33208,8.8.8.8,53
10.10.0.100,30126,8.8.8.8,53
10.10.0.100,9994,8.8.8.8,53
10.10.0.100,33208,8.8.8.8,53
10.10.0.100,30126,8.8.8.8,53
10.10.0.100,9994,8.8.8.8,53
10.10.0.100,38214,172.217.20.3,80
10.10.0.100,37785,216.58.214.195,80
10.10.0.100,31985,8.8.8.8,53
10.10.0.100,12998,8.8.8.8,53
10.10.0.100,13712,8.8.8.8,53
10.10.0.100,49158,216.58.214.228,443
10.10.0.100,7850,8.8.8.8,53
10.10.0.100,31985,8.8.8.8,53
10.10.0.100,13712,8.8.8.8,53
10.10.0.100,12998,8.8.8.8,53
10.10.0.100,7906,8.8.8.8,53
10.10.0.100,7850,8.8.8.8,53
10.10.0.100,7906,8.8.8.8,53
10.10.0.100,22590,8.8.8.8,53
10.10.0.100,22590,8.8.8.8,53
10.10.0.100,37003,104.244.42.2,443
10.10.0.100,43241,192.229.233.50,443
10.10.0.100,55774,8.8.8.8,53
10.10.0.100,48162,64.233.166.188,5228
10.10.0.100,45622,192.229.220.133,443
10.10.0.100,55774,8.8.8.8,53
10.10.0.100,37790,216.58.214.206,80
10.10.0.100,7846,8.8.8.8,53
10.10.0.100,7846,8.8.8.8,53
10.10.0.100,44333,172.217.20.10,443
10.10.0.100,10893,8.8.8.8,53
10.10.0.100,10893,8.8.8.8,53
10.10.0.100,48081,18.194.9.3,443
10.10.0.100,18118,8.8.8.8,53
10.10.0.100,15569,8.8.8.8,53
10.10.0.100,15969,8.8.8.8,53
10.10.0.100,48083,18.194.9.3,443
10.10.0.100,18118,8.8.8.8,53
10.10.0.100,15969,8.8.8.8,53
10.10.0.100,15569,8.8.8.8,53
10.10.0.100,23995,8.8.8.8,53
10.10.0.100,23995,8.8.8.8,53
10.10.0.100,13464,8.8.8.8,53
10.10.0.100,13464,8.8.8.8,53
10.10.0.100,14384,8.8.8.8,53
10.10.0.100,14384,8.8.8.8,53
10.10.0.100,3636,8.8.8.8,53
10.10.0.100,16208,8.8.8.8,53
10.10.0.100,31643,8.8.8.8,53
10.10.0.100,3636,8.8.8.8,53
10.10.0.100,31643,8.8.8.8,53
10.10.0.100,16208,8.8.8.8,53
10.10.0.100,21428,8.8.8.8,53
10.10.0.100,7900,8.8.8.8,53
10.10.0.100,21428,8.8.8.8,53
10.10.0.100,38231,172.217.20.3,80
10.10.0.100,37799,216.58.214.195,80
10.10.0.100,7900,8.8.8.8,53
10.10.0.100,37806,216.58.214.206,80
10.10.0.100,9057,8.8.8.8,53
10.10.0.100,11000,8.8.8.8,53
10.10.0.100,22276,8.8.8.8,53
10.10.0.100,25935,8.8.8.8,53
10.10.0.100,31088,8.8.8.8,53
10.10.0.100,9057,8.8.8.8,53
10.10.0.100,16473,8.8.8.8,53
10.10.0.100,25935,8.8.8.8,53
10.10.0.100,22276,8.8.8.8,53
10.10.0.100,31088,8.8.8.8,53
10.10.0.100,16473,8.8.8.8,53
10.10.0.100,44348,172.217.20.10,443
10.10.0.100,40982,93.184.220.70,443
10.10.0.100,49172,216.58.214.228,443
10.10.0.100,40601,74.125.140.188,5228
10.10.0.100,46580,104.244.42.130,443
10.10.0.100,29198,8.8.8.8,53
10.10.0.100,29198,8.8.8.8,53
10.10.0.100,1589,8.8.8.8,53
10.10.0.100,9979,8.8.8.8,53
10.10.0.100,24521,8.8.8.8,53
10.10.0.100,20703,8.8.8.8,53
10.10.0.100,9979,8.8.8.8,53
10.10.0.100,24521,8.8.8.8,53
10.10.0.100,20703,8.8.8.8,53
10.10.0.100,1589,8.8.8.8,53
10.10.0.100,9576,8.8.8.8,53
10.10.0.100,9576,8.8.8.8,53
10.10.0.100,45902,172.217.18.74,443
10.10.0.100,20815,8.8.8.8,53
10.10.0.100,25891,8.8.8.8,53
10.10.0.100,14284,8.8.8.8,53
10.10.0.100,20815,8.8.8.8,53
10.10.0.100,25891,8.8.8.8,53
10.10.0.100,14284,8.8.8.8,53
10.10.0.100,37813,216.58.214.195,80
10.10.0.100,7458,8.8.8.8,53
10.10.0.100,49185,216.58.214.228,443
10.10.0.100,29349,8.8.8.8,53
10.10.0.100,28387,8.8.8.8,53
10.10.0.100,26833,8.8.8.8,53
10.10.0.100,18115,8.8.8.8,53
10.10.0.100,29349,8.8.8.8,53
10.10.0.100,22080,8.8.8.8,53
10.10.0.100,7458,8.8.8.8,53
10.10.0.100,28387,8.8.8.8,53
10.10.0.100,6322,8.8.8.8,53
10.10.0.100,26833,8.8.8.8,53
10.10.0.100,18115,8.8.8.8,53
10.10.0.100,20208,8.8.8.8,53
10.10.0.100,6322,8.8.8.8,53
10.10.0.100,45907,172.217.18.74,443
10.10.0.100,37819,216.58.214.206,80
10.10.0.100,20208,8.8.8.8,53
10.10.0.100,5166,8.8.8.8,53
10.10.0.100,48190,64.233.166.188,5228
10.10.0.100,5166,8.8.8.8,53
10.10.0.100,45912,172.217.18.74,443
10.10.0.100,38243,172.217.20.3,80
10.10.0.100,42540,104.244.42.197,443
10.10.0.100,12411,8.8.8.8,53
10.10.0.100,12411,8.8.8.8,53
10.10.0.100,43273,192.229.233.50,443
10.10.0.100,44658,3.219.16.85,443
10.10.0.100,4426,8.8.8.8,53
10.10.0.100,9997,8.8.8.8,53
10.10.0.100,9874,8.8.8.8,53
10.10.0.100,4426,8.8.8.8,53
10.10.0.100,9874,8.8.8.8,53
10.10.0.100,24732,8.8.8.8,53
10.10.0.100,45651,192.229.220.133,443
10.10.0.100,24732,8.8.8.8,53
10.10.0.100,9661,8.8.8.8,53
10.10.0.100,9661,8.8.8.8,53
10.10.0.100,7752,8.8.8.8,53
10.10.0.100,2936,8.8.8.8,53
10.10.0.100,10905,8.8.8.8,53
10.10.0.100,7752,8.8.8.8,53
10.10.0.100,2936,8.8.8.8,53
10.10.0.100,10905,8.8.8.8,53
10.10.0.100,38258,172.217.20.3,80
10.10.0.100,37828,216.58.214.195,80
10.10.0.100,16331,8.8.8.8,53
10.10.0.100,54932,8.8.8.8,53
10.10.0.100,49200,216.58.214.228,443
10.10.0.100,16331,8.8.8.8,53
10.10.0.100,54932,8.8.8.8,53
10.10.0.100,44370,172.217.20.10,443
10.10.0.100,9838,8.8.8.8,53
10.10.0.100,23836,8.8.8.8,53
10.10.0.100,40629,74.125.140.188,5228
10.10.0.100,2866,8.8.8.8,53
10.10.0.100,9838,8.8.8.8,53
10.10.0.100,23836,8.8.8.8,53
10.10.0.100,2866,8.8.8.8,53
10.10.0.100,20814,8.8.8.8,53
10.10.0.100,26885,8.8.8.8,53
10.10.0.100,20814,8.8.8.8,53
10.10.0.100,26885,8.8.8.8,53
10.10.0.100,46143,104.244.42.133,443
10.10.0.100,37837,216.58.214.206,80
10.10.0.100,37051,104.244.42.2,443
10.10.0.100,41381,68.232.34.217,443
10.10.0.100,41008,93.184.220.70,443
10.10.0.100,19044,8.8.8.8,53
10.10.0.100,16781,8.8.8.8,53
10.10.0.100,23925,8.8.8.8,53
10.10.0.100,23925,8.8.8.8,53
10.10.0.100,19044,8.8.8.8,53
10.10.0.100,16781,8.8.8.8,53
10.10.0.100,30136,8.8.8.8,53
10.10.0.100,30136,8.8.8.8,53
10.10.0.100,10843,8.8.8.8,53
10.10.0.100,10843,8.8.8.8,53
10.10.0.100,29420,8.8.8.8,53
10.10.0.100,29420,8.8.8.8,53
10.10.0.100,6994,8.8.8.8,53
10.10.0.100,4118,8.8.8.8,53
10.10.0.100,6994,8.8.8.8,53
10.10.0.100,4118,8.8.8.8,53
10.10.0.100,27940,8.8.8.8,53
10.10.0.100,27940,8.8.8.8,53
10.10.0.100,30226,8.8.8.8,53
10.10.0.100,30226,8.8.8.8,53
10.10.0.100,37840,216.58.214.195,80
10.10.0.100,15472,8.8.8.8,53
10.10.0.100,45675,192.229.220.133,443
10.10.0.100,33321,8.8.8.8,53
10.10.0.100,48217,64.233.166.188,5228
10.10.0.100,49213,216.58.214.228,443
10.10.0.100,33321,8.8.8.8,53
10.10.0.100,26176,8.8.8.8,53
10.10.0.100,20453,8.8.8.8,53
10.10.0.100,15472,8.8.8.8,53
10.10.0.100,37849,216.58.214.206,80
10.10.0.100,38272,172.217.20.3,80
10.10.0.100,41018,93.184.220.70,443
10.10.0.100,26176,8.8.8.8,53
10.10.0.100,17548,8.8.8.8,53
10.10.0.100,20453,8.8.8.8,53
10.10.0.100,27348,8.8.8.8,53
10.10.0.100,17548,8.8.8.8,53
10.10.0.100,46620,104.244.42.130,443
10.10.0.100,27348,8.8.8.8,53
10.10.0.100,42565,104.244.42.197,443
10.10.0.100,25710,8.8.8.8,53
10.10.0.100,25710,8.8.8.8,53
10.10.0.100,45942,172.217.18.74,443
10.10.0.100,27269,8.8.8.8,53
10.10.0.100,27269,8.8.8.8,53
10.10.0.100,20137,8.8.8.8,53
10.10.0.100,20137,8.8.8.8,53
10.10.0.100,27985,8.8.8.8,53
10.10.0.100,7890,8.8.8.8,53
10.10.0.100,24636,8.8.8.8,53
10.10.0.100,24636,8.8.8.8,53
10.10.0.100,27985,8.8.8.8,53
10.10.0.100,7890,8.8.8.8,53
10.10.0.100,38285,172.217.20.3,80
10.10.0.100,37853,216.58.214.195,80
10.10.0.100,49229,216.58.214.228,443
10.10.0.100,18762,8.8.8.8,53
10.10.0.100,4148,8.8.8.8,53
10.10.0.100,14175,8.8.8.8,53
10.10.0.100,7237,8.8.8.8,53
10.10.0.100,18762,8.8.8.8,53
10.10.0.100,4148,8.8.8.8,53
10.10.0.100,14175,8.8.8.8,53
10.10.0.100,7237,8.8.8.8,53
10.10.0.100,28206,8.8.8.8,53
10.10.0.100,28206,8.8.8.8,53
10.10.0.100,41403,68.232.34.217,443
10.10.0.100,48231,64.233.166.188,5228
10.10.0.100,41036,93.184.220.70,443
10.10.0.100,37864,216.58.214.206,80
10.10.0.100,38814,104.244.42.194,443
10.10.0.100,25157,8.8.8.8,53
10.10.0.100,25157,8.8.8.8,53
10.10.0.100,42580,104.244.42.197,443
10.10.0.100,7017,8.8.8.8,53
10.10.0.100,7017,8.8.8.8,53
10.10.0.100,40887,216.58.214.202,443
10.10.0.100,29347,8.8.8.8,53
10.10.0.100,29347,8.8.8.8,53
10.10.0.100,12322,8.8.8.8,53
10.10.0.100,12322,8.8.8.8,53
10.10.0.100,27187,8.8.8.8,53
10.10.0.100,27187,8.8.8.8,53
10.10.0.100,11000,8.8.8.8,53
10.10.0.100,44408,172.217.20.10,443
10.10.0.100,22080,8.8.8.8,53
10.10.0.100,22964,8.8.8.8,53
10.10.0.100,2704,8.8.8.8,53
10.10.0.100,3646,8.8.8.8,53
10.10.0.100,22964,8.8.8.8,53
10.10.0.100,2704,8.8.8.8,53
10.10.0.100,3646,8.8.8.8,53
10.10.0.100,17389,8.8.8.8,53
10.10.0.100,14342,8.8.8.8,53
10.10.0.100,3750,8.8.8.8,53
10.10.0.100,33092,8.8.8.8,53
10.10.0.100,37870,216.58.214.195,80
10.10.0.100,38302,172.217.20.3,80
10.10.0.100,17389,8.8.8.8,53
10.10.0.100,14342,8.8.8.8,53
10.10.0.100,3750,8.8.8.8,53
10.10.0.100,33092,8.8.8.8,53
10.10.0.100,49243,216.58.214.228,443
10.10.0.100,43952,8.8.8.8,53
10.10.0.100,43952,8.8.8.8,53
10.10.0.100,8958,8.8.8.8,53
10.10.0.100,48245,64.233.166.188,5228
10.10.0.100,41419,68.232.34.217,443
10.10.0.100,56917,8.8.8.8,53
10.10.0.100,8958,8.8.8.8,53
10.10.0.100,35766,8.8.8.8,53
10.10.0.100,43330,192.229.233.50,443
10.10.0.100,56917,8.8.8.8,53
10.10.0.100,35766,8.8.8.8,53
10.10.0.100,37089,104.244.42.2,443
10.10.0.100,48829,185.60.218.35,443
10.10.0.100,37881,216.58.214.206,80
10.10.0.100,45971,172.217.18.74,443
10.10.0.100,8812,8.8.8.8,53
10.10.0.100,8812,8.8.8.8,53
10.10.0.100,28385,8.8.8.8,53
10.10.0.100,28385,8.8.8.8,53
10.10.0.100,9997,8.8.8.8,53
10.10.0.100,50078,8.8.8.8,53
10.10.0.100,50078,8.8.8.8,53
10.10.0.100,44422,172.217.20.10,443
10.10.0.100,6215,8.8.8.8,53
10.10.0.100,6215,8.8.8.8,53
10.10.0.100,29894,8.8.8.8,53
10.10.0.100,29894,8.8.8.8,53
10.10.0.100,11999,8.8.8.8,53
10.10.0.100,60182,8.8.8.8,53
10.10.0.100,14506,8.8.8.8,53
10.10.0.100,14425,8.8.8.8,53
10.10.0.100,24528,8.8.8.8,53
10.10.0.100,11999,8.8.8.8,53
10.10.0.100,60182,8.8.8.8,53
10.10.0.100,14506,8.8.8.8,53
10.10.0.100,14425,8.8.8.8,53
10.10.0.100,24528,8.8.8.8,53
10.10.0.100,41405,185.60.218.24,443
10.10.0.100,30738,8.8.8.8,53
10.10.0.100,30738,8.8.8.8,53
10.10.0.100,41406,185.60.218.24,443
10.10.0.100,36622,8.8.8.8,53
10.10.0.100,36622,8.8.8.8,53
10.10.0.100,16536,8.8.8.8,53
10.10.0.100,5242,8.8.8.8,53
10.10.0.100,14780,8.8.8.8,53
10.10.0.100,18401,8.8.8.8,53
10.10.0.100,31964,8.8.8.8,53
10.10.0.100,25871,8.8.8.8,53
10.10.0.100,6507,8.8.8.8,53
10.10.0.100,5242,8.8.8.8,53
10.10.0.100,14780,8.8.8.8,53
10.10.0.100,16536,8.8.8.8,53
10.10.0.100,25871,8.8.8.8,53
10.10.0.100,31964,8.8.8.8,53
10.10.0.100,6507,8.8.8.8,53
10.10.0.100,18401,8.8.8.8,53
10.10.0.100,6070,8.8.8.8,53
10.10.0.100,34055,8.8.8.8,53
10.10.0.100,3407,8.8.8.8,53
10.10.0.100,6070,8.8.8.8,53
10.10.0.100,34055,8.8.8.8,53
10.10.0.100,3407,8.8.8.8,53
10.10.0.100,38322,172.217.20.3,80
10.10.0.100,37890,216.58.214.206,80
10.10.0.100,37888,216.58.214.195,80
10.10.0.100,45718,192.229.220.133,443
10.10.0.100,43340,192.229.233.50,443
10.10.0.100,49263,216.58.214.228,443
10.10.0.100,44434,172.217.20.10,443
10.10.0.100,14586,8.8.8.8,53
10.10.0.100,14586,8.8.8.8,53
10.10.0.100,37109,104.244.42.2,443
10.10.0.100,48263,64.233.166.188,5228
10.10.0.100,21627,8.8.8.8,53
10.10.0.100,6674,8.8.8.8,53
10.10.0.100,21627,8.8.8.8,53
10.10.0.100,6674,8.8.8.8,53
10.10.0.100,13993,8.8.8.8,53
10.10.0.100,13993,8.8.8.8,53
10.10.0.100,45988,172.217.18.74,443
10.10.0.100,4872,8.8.8.8,53
10.10.0.100,33699,8.8.8.8,53
10.10.0.100,9883,8.8.8.8,53
10.10.0.100,4872,8.8.8.8,53
10.10.0.100,9883,8.8.8.8,53
10.10.0.100,33699,8.8.8.8,53
10.10.0.100,55164,8.8.8.8,53
10.10.0.100,24866,8.8.8.8,53
10.10.0.100,55164,8.8.8.8,53
10.10.0.100,24866,8.8.8.8,53
10.10.0.100,48852,185.60.218.35,443
10.10.0.100,48853,185.60.218.35,443
10.10.0.100,41423,185.60.218.24,443
10.10.0.100,10514,8.8.8.8,53
10.10.0.100,10514,8.8.8.8,53
10.10.0.100,11251,8.8.8.8,53
10.10.0.100,25558,8.8.8.8,53
10.10.0.100,13867,8.8.8.8,53
10.10.0.100,11251,8.8.8.8,53
10.10.0.100,25558,8.8.8.8,53
10.10.0.100,13867,8.8.8.8,53
10.10.0.100,30134,8.8.8.8,53
10.10.0.100,20754,8.8.8.8,53
10.10.0.100,26010,8.8.8.8,53
10.10.0.100,22501,8.8.8.8,53
10.10.0.100,4850,8.8.8.8,53
10.10.0.100,30134,8.8.8.8,53
10.10.0.100,20754,8.8.8.8,53
10.10.0.100,26010,8.8.8.8,53
10.10.0.100,22501,8.8.8.8,53
10.10.0.100,4850,8.8.8.8,53
10.10.0.100,49276,216.58.214.228,443
10.10.0.100,38335,172.217.20.3,80
10.10.0.100,37903,216.58.214.195,80
10.10.0.100,18459,8.8.8.8,53
10.10.0.100,18459,8.8.8.8,53
10.10.0.100,31443,8.8.8.8,53
10.10.0.100,40706,74.125.140.188,5228
10.10.0.100,31443,8.8.8.8,53
10.10.0.100,45998,172.217.18.74,443
10.10.0.100,14423,8.8.8.8,53
10.10.0.100,14423,8.8.8.8,53
10.10.0.100,40932,216.58.214.202,443
10.10.0.100,43363,192.229.233.50,443
10.10.0.100,45744,192.229.220.133,443
10.10.0.100,37916,216.58.214.206,80
10.10.0.100,11657,8.8.8.8,53
10.10.0.100,11657,8.8.8.8,53
10.10.0.100,45084,104.244.42.66,443
10.10.0.100,2078,8.8.8.8,53
10.10.0.100,2078,8.8.8.8,53
10.10.0.100,25946,8.8.8.8,53
10.10.0.100,26465,8.8.8.8,53
10.10.0.100,16353,8.8.8.8,53
10.10.0.100,27225,8.8.8.8,53
10.10.0.100,25946,8.8.8.8,53
10.10.0.100,16353,8.8.8.8,53
10.10.0.100,27225,8.8.8.8,53
10.10.0.100,26465,8.8.8.8,53
10.10.0.100,5535,8.8.8.8,53
10.10.0.100,26000,8.8.8.8,53
10.10.0.100,5535,8.8.8.8,53
10.10.0.100,26000,8.8.8.8,53
10.10.0.100,48869,185.60.218.35,443
10.10.0.100,41439,185.60.218.24,443
10.10.0.100,3362,8.8.8.8,53
10.10.0.100,3362,8.8.8.8,53
10.10.0.100,49465,157.240.20.53,5222
10.10.0.100,48083,18.194.9.3,443
10.10.0.100,48081,18.194.9.3,443
10.10.0.100,24541,8.8.8.8,53
10.10.0.100,15105,8.8.8.8,53
10.10.0.100,15952,8.8.8.8,53
10.10.0.100,24541,8.8.8.8,53
10.10.0.100,15105,8.8.8.8,53
10.10.0.100,15952,8.8.8.8,53
10.10.0.100,31798,8.8.8.8,53
10.10.0.100,22715,8.8.8.8,53
10.10.0.100,5115,8.8.8.8,53
10.10.0.100,33696,8.8.8.8,53
10.10.0.100,1868,8.8.8.8,53
10.10.0.100,31798,8.8.8.8,53
10.10.0.100,38351,172.217.20.3,80
10.10.0.100,22715,8.8.8.8,53
10.10.0.100,37921,216.58.214.195,80
10.10.0.100,5115,8.8.8.8,53
10.10.0.100,33696,8.8.8.8,53
10.10.0.100,49293,216.58.214.228,443
10.10.0.100,1868,8.8.8.8,53
10.10.0.100,2800,8.8.8.8,53
10.10.0.100,2800,8.8.8.8,53
10.10.0.100,45755,192.229.220.133,443
10.10.0.100,37927,216.58.214.206,80
10.10.0.100,17906,8.8.8.8,53
10.10.0.100,43377,192.229.233.50,443
10.10.0.100,9063,8.8.8.8,53
10.10.0.100,44468,172.217.20.10,443
10.10.0.100,17906,8.8.8.8,53
10.10.0.100,9063,8.8.8.8,53
10.10.0.100,38881,104.244.42.194,443
10.10.0.100,51090,8.8.8.8,53
10.10.0.100,53499,8.8.8.8,53
10.10.0.100,53499,8.8.8.8,53
10.10.0.100,51090,8.8.8.8,53
10.10.0.100,14909,8.8.8.8,53
10.10.0.100,14909,8.8.8.8,53
10.10.0.100,32788,8.8.8.8,53
10.10.0.100,32788,8.8.8.8,53
10.10.0.100,48303,64.233.166.188,5228
10.10.0.100,10451,8.8.8.8,53
10.10.0.100,1258,8.8.8.8,53
10.10.0.100,3986,8.8.8.8,53
10.10.0.100,3986,8.8.8.8,53
10.10.0.100,10451,8.8.8.8,53
10.10.0.100,1258,8.8.8.8,53
10.10.0.100,18754,8.8.8.8,53
10.10.0.100,18754,8.8.8.8,53
10.10.0.100,13496,8.8.8.8,53
10.10.0.100,13496,8.8.8.8,53
10.10.0.100,4266,8.8.8.8,53
10.10.0.100,4266,8.8.8.8,53
10.10.0.100,44473,172.217.20.10,443
10.10.0.100,45306,185.60.218.54,443
10.10.0.100,18037,8.8.8.8,53
10.10.0.100,9834,8.8.8.8,53
10.10.0.100,9684,8.8.8.8,53
10.10.0.100,18037,8.8.8.8,53
10.10.0.100,9684,8.8.8.8,53
10.10.0.100,9834,8.8.8.8,53
10.10.0.100,23166,8.8.8.8,53
10.10.0.100,9079,8.8.8.8,53
10.10.0.100,15019,8.8.8.8,53
10.10.0.100,9079,8.8.8.8,53
10.10.0.100,15019,8.8.8.8,53
10.10.0.100,37933,216.58.214.195,80
10.10.0.100,23166,8.8.8.8,53
10.10.0.100,38365,172.217.20.3,80
10.10.0.100,49309,216.58.214.228,443
10.10.0.100,46028,172.217.18.74,443
10.10.0.100,16259,8.8.8.8,53
10.10.0.100,47329,74.125.133.188,5228
10.10.0.100,37941,216.58.214.206,80
10.10.0.100,16259,8.8.8.8,53
10.10.0.100,24321,8.8.8.8,53
10.10.0.100,18873,8.8.8.8,53
10.10.0.100,24321,8.8.8.8,53
10.10.0.100,37601,8.8.8.8,53
10.10.0.100,18873,8.8.8.8,53
10.10.0.100,37601,8.8.8.8,53
10.10.0.100,33543,8.8.8.8,53
10.10.0.100,33543,8.8.8.8,53
10.10.0.100,43396,192.229.233.50,443
10.10.0.100,41488,68.232.34.217,443
10.10.0.100,37155,104.244.42.2,443
10.10.0.100,12876,8.8.8.8,53
10.10.0.100,40965,216.58.214.202,443
10.10.0.100,12876,8.8.8.8,53
10.10.0.100,4943,8.8.8.8,53
10.10.0.100,4943,8.8.8.8,53
10.10.0.100,26814,8.8.8.8,53
10.10.0.100,10719,8.8.8.8,53
10.10.0.100,20545,8.8.8.8,53
10.10.0.100,1440,8.8.8.8,53
10.10.0.100,26814,8.8.8.8,53
10.10.0.100,10719,8.8.8.8,53
10.10.0.100,20545,8.8.8.8,53
10.10.0.100,1440,8.8.8.8,53
10.10.0.100,49491,157.240.20.53,5222
10.10.0.100,27348,8.8.8.8,53
10.10.0.100,41268,203.205.235.86,8080
10.10.0.100,26000,8.8.8.8,53
10.10.0.100,49172,216.58.214.228,443
10.10.0.100,41423,185.60.218.24,443
10.10.0.100,27940,8.8.8.8,53
10.10.0.100,49185,216.58.214.228,443
10.10.0.100,49200,216.58.214.228,443
10.10.0.100,1258,8.8.8.8,53
10.10.0.100,45902,172.217.18.74,443
10.10.0.100,23995,8.8.8.8,53
10.10.0.100,3636,8.8.8.8,53
10.10.0.100,43241,192.229.233.50,443
10.10.0.100,40706,74.125.140.188,5228
10.10.0.100,10893,8.8.8.8,53
10.10.0.100,47329,74.125.133.188,5228
10.10.0.100,42342,216.58.214.228,443
10.10.0.100,14909,8.8.8.8,53
10.10.0.100,32788,8.8.8.8,53
10.10.0.100,9661,8.8.8.8,53
10.10.0.100,44333,172.217.20.10,443
10.10.0.100,9834,8.8.8.8,53
10.10.0.100,38205,172.217.20.3,80
10.10.0.100,9979,8.8.8.8,53
10.10.0.100,37251,157.240.20.53,443
10.10.0.100,7906,8.8.8.8,53
10.10.0.100,2078,8.8.8.8,53
10.10.0.100,10451,8.8.8.8,53
10.10.0.100,45675,192.229.220.133,443
10.10.0.100,40574,74.125.140.188,5228
10.10.0.100,29349,8.8.8.8,53
10.10.0.100,45622,192.229.220.133,443
10.10.0.100,28206,8.8.8.8,53
10.10.0.100,51090,8.8.8.8,53
10.10.0.100,38814,104.244.42.194,443
10.10.0.100,13496,8.8.8.8,53
10.10.0.100,4426,8.8.8.8,53
10.10.0.100,9684,8.8.8.8,53
10.10.0.100,42013,203.205.179.182,8080
10.10.0.100,37806,216.58.214.206,80
10.10.0.100,41008,93.184.220.70,443
10.10.0.100,50078,8.8.8.8,53
10.10.0.100,39642,185.60.218.54,5222
10.10.0.100,45408,185.60.218.54,443
10.10.0.100,4148,8.8.8.8,53
10.10.0.100,20545,8.8.8.8,53
10.10.0.100,46825,203.205.179.182,443
10.10.0.100,37813,216.58.214.195,80
10.10.0.100,2800,8.8.8.8,53
10.10.0.100,23166,8.8.8.8,53
10.10.0.100,45651,192.229.220.133,443
10.10.0.100,49229,216.58.214.228,443
10.10.0.100,6322,8.8.8.8,53
10.10.0.100,18762,8.8.8.8,53
10.10.0.100,31798,8.8.8.8,53
10.10.0.100,37941,216.58.214.206,80
10.10.0.100,44658,3.219.16.85,443
10.10.0.100,3646,8.8.8.8,53
10.10.0.100,4872,8.8.8.8,53
10.10.0.100,38351,172.217.20.3,80
10.10.0.100,28387,8.8.8.8,53
10.10.0.100,44457,203.205.179.182,80
10.10.0.100,41091,78.96.7.25,123
10.10.0.100,41403,68.232.34.217,443
10.10.0.100,4118,8.8.8.8,53
10.10.0.100,31443,8.8.8.8,53
10.10.0.100,44422,172.217.20.10,443
10.10.0.100,48394,216.58.214.206,443
10.10.0.100,41124,172.217.20.10,443
10.10.0.100,27206,8.8.8.8,53
10.10.0.100,45942,172.217.18.74,443
10.10.0.100,24521,8.8.8.8,53
10.10.0.100,49243,216.58.214.228,443
10.10.0.100,9079,8.8.8.8,53
10.10.0.100,48245,64.233.166.188,5228
10.10.0.100,2936,8.8.8.8,53
10.10.0.100,25935,8.8.8.8,53
10.10.0.100,10905,8.8.8.8,53
10.10.0.100,25710,8.8.8.8,53
10.10.0.100,24528,8.8.8.8,53
10.10.0.100,48852,185.60.218.35,443
10.10.0.100,42029,203.205.179.182,8080
10.10.0.100,20137,8.8.8.8,53
10.10.0.100,40601,74.125.140.188,5228
10.10.0.100,20208,8.8.8.8,53
10.10.0.100,16781,8.8.8.8,53
10.10.0.100,44408,172.217.20.10,443
10.10.0.100,51505,8.8.8.8,53
10.10.0.100,44370,172.217.20.10,443
10.10.0.100,14506,8.8.8.8,53
10.10.0.100,44434,172.217.20.10,443
10.10.0.100,37790,216.58.214.206,80
10.10.0.100,9063,8.8.8.8,53
10.10.0.100,42580,104.244.42.197,443
10.10.0.100,27187,8.8.8.8,53
10.10.0.100,7900,8.8.8.8,53
10.10.0.100,60182,8.8.8.8,53
10.10.0.100,55164,8.8.8.8,53
10.10.0.100,37840,216.58.214.195,80
10.10.0.100,38231,172.217.20.3,80
10.10.0.100,37810,78.96.7.25,123
10.10.0.100,43233,192.229.233.50,443
10.10.0.100,40982,93.184.220.70,443
10.10.0.100,49972,8.8.8.8,53
10.10.0.100,1868,8.8.8.8,53
10.10.0.100,37089,104.244.42.2,443
10.10.0.100,45173,149.154.167.92,443
10.10.0.100,10514,8.8.8.8,53
10.10.0.100,38258,172.217.20.3,80
10.10.0.100,29894,8.8.8.8,53
10.10.0.100,37601,8.8.8.8,53
10.10.0.100,26908,8.8.8.8,53
10.10.0.100,41977,203.205.179.182,8080
10.10.0.100,26833,8.8.8.8,53
10.10.0.100,37853,216.58.214.195,80
10.10.0.100,26176,8.8.8.8,53
10.10.0.100,41018,93.184.220.70,443
10.10.0.100,8902,8.8.8.8,53
10.10.0.100,24321,8.8.8.8,53
10.10.0.100,4105,8.8.8.8,53
10.10.0.100,37837,216.58.214.206,80
10.10.0.100,33696,8.8.8.8,53
10.10.0.100,41488,68.232.34.217,443
10.10.0.100,45907,172.217.18.74,443
10.10.0.100,15019,8.8.8.8,53
10.10.0.100,12998,8.8.8.8,53
10.10.0.100,41439,185.60.218.24,443
10.10.0.100,2866,8.8.8.8,53
10.10.0.100,46143,104.244.42.133,443
10.10.0.100,13712,8.8.8.8,53
10.10.0.100,41405,185.60.218.24,443
10.10.0.100,9838,8.8.8.8,53
10.10.0.100,34055,8.8.8.8,53
10.10.0.100,44469,203.205.179.182,80
10.10.0.100,43273,192.229.233.50,443
10.10.0.100,9883,8.8.8.8,53
10.10.0.100,5242,8.8.8.8,53
10.10.0.100,14586,8.8.8.8,53
10.10.0.100,14284,8.8.8.8,53
10.10.0.100,38881,104.244.42.194,443
10.10.0.100,40887,216.58.214.202,443
10.10.0.100,8526,8.8.8.8,53
10.10.0.100,16259,8.8.8.8,53
10.10.0.100,48190,64.233.166.188,5228
10.10.0.100,37186,157.240.20.53,443
10.10.0.100,45085,149.154.167.92,443
10.10.0.100,48853,185.60.218.35,443
10.10.0.100,4266,8.8.8.8,53
10.10.0.100,9576,8.8.8.8,53
10.10.0.100,17389,8.8.8.8,53
10.10.0.100,36622,8.8.8.8,53
10.10.0.100,45609,192.229.220.133,443
10.10.0.100,13464,8.8.8.8,53
10.10.0.100,30226,8.8.8.8,53
10.10.0.100,46551,104.244.42.130,443
10.10.0.100,16331,8.8.8.8,53
10.10.0.100,14342,8.8.8.8,53
10.10.0.100,45159,149.154.167.92,443
10.10.0.100,42565,104.244.42.197,443
10.10.0.100,37927,216.58.214.206,80
10.10.0.100,18118,8.8.8.8,53
10.10.0.100,38335,172.217.20.3,80
10.10.0.100,37933,216.58.214.195,80
10.10.0.100,30134,8.8.8.8,53
10.10.0.100,7890,8.8.8.8,53
10.10.0.100,38322,172.217.20.3,80
10.10.0.100,22501,8.8.8.8,53
10.10.0.100,49263,216.58.214.228,443
10.10.0.100,43363,192.229.233.50,443
10.10.0.100,45744,192.229.220.133,443
10.10.0.100,16353,8.8.8.8,53
10.10.0.100,49146,216.58.214.228,443
10.10.0.100,45132,149.154.167.92,443
10.10.0.100,14175,8.8.8.8,53
10.10.0.100,7458,8.8.8.8,53
10.10.0.100,45971,172.217.18.74,443
10.10.0.100,38302,172.217.20.3,80
10.10.0.100,18037,8.8.8.8,53
10.10.0.100,37828,216.58.214.195,80
10.10.0.100,11251,8.8.8.8,53
10.10.0.100,33165,8.8.8.8,53
10.10.0.100,26102,8.8.8.8,53
10.10.0.100,23836,8.8.8.8,53
10.10.0.100,49309,216.58.214.228,443
10.10.0.100,24541,8.8.8.8,53
10.10.0.100,15969,8.8.8.8,53
10.10.0.100,45163,216.58.214.206,443
10.10.0.100,38243,172.217.20.3,80
10.10.0.100,7850,8.8.8.8,53
10.10.0.100,3750,8.8.8.8,53
10.10.0.100,37888,216.58.214.195,80
10.10.0.100,20703,8.8.8.8,53
10.10.0.100,37051,104.244.42.2,443
10.10.0.100,20815,8.8.8.8,53
10.10.0.100,23666,8.8.8.8,53
10.10.0.100,6070,8.8.8.8,53
10.10.0.100,26814,8.8.8.8,53
10.10.0.100,14384,8.8.8.8,53
10.10.0.100,6994,8.8.8.8,53
10.10.0.100,45998,172.217.18.74,443
10.10.0.100,37903,216.58.214.195,80
10.10.0.100,40965,216.58.214.202,443
10.10.0.100,5535,8.8.8.8,53
10.10.0.100,14780,8.8.8.8,53
10.10.0.100,14425,8.8.8.8,53
10.10.0.100,15569,8.8.8.8,53
10.10.0.100,16473,8.8.8.8,53
10.10.0.100,4943,8.8.8.8,53
10.10.0.100,20453,8.8.8.8,53
10.10.0.100,37155,104.244.42.2,443
10.10.0.100,38214,172.217.20.3,80
10.10.0.100,45476,172.217.19.106,443
10.10.0.100,37921,216.58.214.195,80
10.10.0.100,45048,149.154.167.92,443
10.10.0.100,17906,8.8.8.8,53
10.10.0.100,38285,172.217.20.3,80
10.10.0.100,33543,8.8.8.8,53
10.10.0.100,8958,8.8.8.8,53
10.10.0.100,44440,203.205.179.182,80
10.10.0.100,44473,172.217.20.10,443
10.10.0.100,28385,8.8.8.8,53
10.10.0.100,1589,8.8.8.8,53
10.10.0.100,30738,8.8.8.8,53
10.10.0.100,41036,93.184.220.70,443
10.10.0.100,4850,8.8.8.8,53
10.10.0.100,7752,8.8.8.8,53
10.10.0.100,37235,157.240.20.53,443
10.10.0.100,21428,8.8.8.8,53
10.10.0.100,37129,157.240.20.53,443
10.10.0.100,18115,8.8.8.8,53
10.10.0.100,6674,8.8.8.8,53
10.10.0.100,45029,149.154.167.92,443
10.10.0.100,44468,172.217.20.10,443
10.10.0.100,46028,172.217.18.74,443
10.10.0.100,6045,8.8.8.8,53
10.10.0.100,17548,8.8.8.8,53
10.10.0.100,43377,192.229.233.50,443
10.10.0.100,16208,8.8.8.8,53
10.10.0.100,35766,8.8.8.8,53
10.10.0.100,29347,8.8.8.8,53
10.10.0.100,42540,104.244.42.197,443
10.10.0.100,46580,104.244.42.130,443
10.10.0.100,45035,149.154.167.92,443
10.10.0.100,37849,216.58.214.206,80
10.10.0.100,3986,8.8.8.8,53
10.10.0.100,45139,149.154.167.92,443
10.10.0.100,8812,8.8.8.8,53
10.10.0.100,33092,8.8.8.8,53
10.10.0.100,45755,192.229.220.133,443
10.10.0.100,6952,8.8.8.8,53
10.10.0.100,5166,8.8.8.8,53
10.10.0.100,32774,8.8.8.8,53
10.10.0.100,25157,8.8.8.8,53
10.10.0.100,13993,8.8.8.8,53
10.10.0.100,48829,185.60.218.35,443
10.10.0.100,27269,8.8.8.8,53
10.10.0.100,21627,8.8.8.8,53
10.10.0.100,3407,8.8.8.8,53
10.10.0.100,22276,8.8.8.8,53
10.10.0.100,48162,64.233.166.188,5228
10.10.0.100,5115,8.8.8.8,53
10.10.0.100,40629,74.125.140.188,5228
10.10.0.100,3362,8.8.8.8,53
10.10.0.100,25871,8.8.8.8,53
10.10.0.100,16536,8.8.8.8,53
10.10.0.100,45084,104.244.42.66,443
10.10.0.100,37864,216.58.214.206,80
10.10.0.100,37003,104.244.42.2,443
10.10.0.100,38272,172.217.20.3,80
10.10.0.100,30136,8.8.8.8,53
10.10.0.100,25891,8.8.8.8,53
10.10.0.100,7017,8.8.8.8,53
10.10.0.100,27225,8.8.8.8,53
10.10.0.100,9994,8.8.8.8,53
10.10.0.100,30923,8.8.8.8,53
10.10.0.100,49974,10.10.0.1,7
10.10.0.100,38365,172.217.20.3,80
10.10.0.100,37870,216.58.214.195,80
10.10.0.100,29198,8.8.8.8,53
10.10.0.100,45377,185.60.218.54,443
10.10.0.100,43340,192.229.233.50,443
10.10.0.100,18754,8.8.8.8,53
10.10.0.100,22368,8.8.8.8,53
10.10.0.100,12411,8.8.8.8,53
10.10.0.100,26885,8.8.8.8,53
10.10.0.100,6507,8.8.8.8,53
10.10.0.100,1440,8.8.8.8,53
10.10.0.100,45988,172.217.18.74,443
10.10.0.100,46696,203.205.179.182,443
10.10.0.100,45427,185.60.218.54,443
10.10.0.100,37890,216.58.214.206,80
10.10.0.100,33321,8.8.8.8,53
10.10.0.100,41381,68.232.34.217,443
10.10.0.100,26010,8.8.8.8,53
10.10.0.100,31088,8.8.8.8,53
10.10.0.100,49293,216.58.214.228,443
10.10.0.100,44635,216.58.214.206,443
10.10.0.100,49158,216.58.214.228,443
10.10.0.100,30126,8.8.8.8,53
10.10.0.100,31964,8.8.8.8,53
10.10.0.100,41419,68.232.34.217,443
10.10.0.100,53499,8.8.8.8,53
10.10.0.100,22590,8.8.8.8,53
10.10.0.100,43862,172.217.16.97,443
10.10.0.100,11657,8.8.8.8,53
10.10.0.100,37819,216.58.214.206,80
10.10.0.100,8582,8.8.8.8,53
10.10.0.100,45912,172.217.18.74,443
10.10.0.100,56917,8.8.8.8,53
10.10.0.100,14423,8.8.8.8,53
10.10.0.100,37916,216.58.214.206,80
10.10.0.100,25946,8.8.8.8,53
10.10.0.100,13867,8.8.8.8,53
10.10.0.100,46620,104.244.42.130,443
10.10.0.100,37799,216.58.214.195,80
10.10.0.100,15472,8.8.8.8,53
10.10.0.100,12876,8.8.8.8,53
10.10.0.100,37144,157.240.20.53,443
10.10.0.100,43330,192.229.233.50,443
10.10.0.100,24866,8.8.8.8,53
10.10.0.100,33699,8.8.8.8,53
10.10.0.100,26465,8.8.8.8,53
10.10.0.100,22715,8.8.8.8,53
10.10.0.100,10843,8.8.8.8,53
10.10.0.100,19044,8.8.8.8,53
10.10.0.100,6215,8.8.8.8,53
10.10.0.100,22964,8.8.8.8,53
10.10.0.100,11999,8.8.8.8,53
10.10.0.100,48869,185.60.218.35,443
10.10.0.100,10719,8.8.8.8,53
10.10.0.100,12322,8.8.8.8,53
10.10.0.100,33208,8.8.8.8,53
10.10.0.100,25558,8.8.8.8,53
10.10.0.100,18401,8.8.8.8,53
10.10.0.100,44484,203.205.179.182,80
10.10.0.100,44427,203.205.179.182,80
10.10.0.100,23925,8.8.8.8,53
10.10.0.100,24732,8.8.8.8,53
10.10.0.100,49213,216.58.214.228,443
10.10.0.100,2704,8.8.8.8,53
10.10.0.100,18873,8.8.8.8,53
10.10.0.100,15952,8.8.8.8,53
10.10.0.100,54932,8.8.8.8,53
10.10.0.100,9874,8.8.8.8,53
10.10.0.100,43396,192.229.233.50,443
10.10.0.100,31643,8.8.8.8,53
10.10.0.100,37785,216.58.214.195,80
10.10.0.100,48263,64.233.166.188,5228
10.10.0.100,48217,64.233.166.188,5228
10.10.0.100,41406,185.60.218.24,443
10.10.0.100,20754,8.8.8.8,53
10.10.0.100,41962,203.205.179.182,8080
10.10.0.100,7846,8.8.8.8,53
10.10.0.100,40932,216.58.214.202,443
10.10.0.100,55774,8.8.8.8,53
10.10.0.100,29420,8.8.8.8,53
10.10.0.100,7237,8.8.8.8,53
10.10.0.100,27985,8.8.8.8,53
10.10.0.100,31985,8.8.8.8,53
10.10.0.100,43952,8.8.8.8,53
10.10.0.100,9057,8.8.8.8,53
10.10.0.100,18459,8.8.8.8,53
10.10.0.100,20814,8.8.8.8,53
10.10.0.100,44320,172.217.20.10,443
10.10.0.100,48303,64.233.166.188,5228
10.10.0.100,48231,64.233.166.188,5228
10.10.0.100,37109,104.244.42.2,443
10.10.0.100,24636,8.8.8.8,53
10.10.0.100,49276,216.58.214.228,443
10.10.0.100,41948,203.205.179.182,8080
10.10.0.100,45718,192.229.220.133,443
10.10.0.100,15105,8.8.8.8,53
10.10.0.100,46645,8.8.8.8,53
10.10.0.100,46645,8.8.8.8,53
10.10.0.100,49351,216.58.214.228,443
10.10.0.100,40789,8.8.8.8,53
10.10.0.100,40789,8.8.8.8,53
10.10.0.100,37058,13.107.3.128,443
10.10.0.100,35390,8.8.8.8,53
10.10.0.100,61868,8.8.8.8,53
10.10.0.100,35390,8.8.8.8,53
10.10.0.100,61868,8.8.8.8,53
10.10.0.100,44612,185.60.216.35,443
10.10.0.100,48933,185.60.218.35,443
10.10.0.100,19101,8.8.8.8,53
10.10.0.100,19101,8.8.8.8,53
10.10.0.100,60738,8.8.8.8,53
10.10.0.100,61013,8.8.8.8,53
10.10.0.100,60738,8.8.8.8,53
10.10.0.100,61013,8.8.8.8,53
10.10.0.100,47408,185.63.145.1,443
10.10.0.100,49553,8.8.8.8,53
10.10.0.100,49553,8.8.8.8,53
10.10.0.100,41504,185.60.218.24,443
10.10.0.100,50123,8.8.8.8,53
10.10.0.100,50123,8.8.8.8,53
10.10.0.100,37865,8.8.8.8,53
10.10.0.100,49553,8.8.8.8,53
10.10.0.100,50123,8.8.8.8,53
10.10.0.100,45208,149.154.167.92,443
10.10.0.100,41721,216.58.214.228,443
10.10.0.100,46645,8.8.8.8,53
10.10.0.100,35390,8.8.8.8,53
10.10.0.100,49351,216.58.214.228,443
10.10.0.100,41504,185.60.218.24,443
10.10.0.100,40789,8.8.8.8,53
10.10.0.100,19101,8.8.8.8,53
10.10.0.100,61013,8.8.8.8,53
10.10.0.100,42689,92.86.106.228,123
10.10.0.100,44612,185.60.216.35,443
10.10.0.100,40035,216.58.214.206,443
10.10.0.100,48933,185.60.218.35,443
10.10.0.100,47408,185.63.145.1,443
10.10.0.100,39765,185.60.218.54,5222
10.10.0.100,37865,8.8.8.8,53
10.10.0.100,42687,104.244.42.197,443
10.10.0.100,37058,13.107.3.128,443
10.10.0.100,60738,8.8.8.8,53
10.10.0.100,19408,8.8.8.8,53
10.10.0.100,19408,8.8.8.8,53
10.10.0.100,42601,13.225.73.125,443
10.10.0.100,27613,8.8.8.8,53
10.10.0.100,27613,8.8.8.8,53
10.10.0.100,40083,143.204.101.60,443
10.10.0.100,25348,8.8.8.8,53
10.10.0.100,17491,8.8.8.8,53
10.10.0.100,25348,8.8.8.8,53
10.10.0.100,17491,8.8.8.8,53
10.10.0.100,41058,216.58.214.202,443
10.10.0.100,45733,172.217.19.106,443
10.10.0.100,29190,8.8.8.8,53
10.10.0.100,29190,8.8.8.8,53
10.10.0.100,14217,8.8.8.8,53
10.10.0.100,14217,8.8.8.8,53
10.10.0.100,18418,8.8.8.8,53
10.10.0.100,45732,172.217.19.106,443
10.10.0.100,42380,203.205.179.203,443
10.10.0.100,45740,172.217.19.106,443
10.10.0.100,18786,8.8.8.8,53
10.10.0.100,5211,8.8.8.8,53
10.10.0.100,18786,8.8.8.8,53
10.10.0.100,5211,8.8.8.8,53
10.10.0.100,42380,203.205.179.203,443
10.10.0.100,38039,216.58.214.195,80
10.10.0.100,25162,8.8.8.8,53
10.10.0.100,18963,8.8.8.8,53
10.10.0.100,38049,216.58.214.195,80
10.10.0.100,18963,8.8.8.8,53
10.10.0.100,25162,8.8.8.8,53
10.10.0.100,49414,216.58.214.228,443
10.10.0.100,38472,172.217.20.3,80
10.10.0.100,26326,8.8.8.8,53
10.10.0.100,43562,173.194.76.188,5228
10.10.0.100,18370,8.8.8.8,53
10.10.0.100,49431,216.58.214.228,443
10.10.0.100,26326,8.8.8.8,53
10.10.0.100,18370,8.8.8.8,53
10.10.0.100,6661,8.8.8.8,53
10.10.0.100,25560,8.8.8.8,53
10.10.0.100,32711,8.8.8.8,53
10.10.0.100,28262,8.8.8.8,53
10.10.0.100,45749,172.217.19.106,443
10.10.0.100,6661,8.8.8.8,53
10.10.0.100,32711,8.8.8.8,53
10.10.0.100,11509,8.8.8.8,53
10.10.0.100,28262,8.8.8.8,53
10.10.0.100,16957,8.8.8.8,53
10.10.0.100,14189,8.8.8.8,53
10.10.0.100,11509,8.8.8.8,53
10.10.0.100,48976,64.233.184.188,5228
10.10.0.100,38062,216.58.214.195,80
10.10.0.100,25088,8.8.8.8,53
10.10.0.100,16957,8.8.8.8,53
10.10.0.100,14189,8.8.8.8,53
10.10.0.100,25088,8.8.8.8,53
10.10.0.100,24310,8.8.8.8,53
10.10.0.100,38478,172.217.20.3,80
10.10.0.100,33752,8.8.8.8,53
10.10.0.100,16537,8.8.8.8,53
10.10.0.100,24310,8.8.8.8,53
10.10.0.100,16537,8.8.8.8,53
10.10.0.100,25560,8.8.8.8,53
10.10.0.100,19822,8.8.8.8,53
10.10.0.100,33752,8.8.8.8,53
10.10.0.100,23335,8.8.8.8,53
10.10.0.100,19822,8.8.8.8,53
10.10.0.100,31490,8.8.8.8,53
10.10.0.100,23335,8.8.8.8,53
10.10.0.100,16136,8.8.8.8,53
10.10.0.100,15807,8.8.8.8,53
10.10.0.100,31490,8.8.8.8,53
10.10.0.100,16136,8.8.8.8,53
10.10.0.100,38056,216.58.214.195,80
10.10.0.100,30525,8.8.8.8,53
10.10.0.100,1425,8.8.8.8,53
10.10.0.100,15807,8.8.8.8,53
10.10.0.100,49422,216.58.214.228,443
10.10.0.100,30525,8.8.8.8,53
10.10.0.100,1425,8.8.8.8,53
10.10.0.100,46544,66.102.1.188,5228
10.10.0.100,43571,173.194.76.188,5228
10.10.0.100,33551,8.8.8.8,53
10.10.0.100,21031,8.8.8.8,53
10.10.0.100,30799,8.8.8.8,53
10.10.0.100,17769,8.8.8.8,53
10.10.0.100,1920,8.8.8.8,53
10.10.0.100,21031,8.8.8.8,53
10.10.0.100,41615,68.232.34.217,443
10.10.0.100,17769,8.8.8.8,53
10.10.0.100,1920,8.8.8.8,53
10.10.0.100,33551,8.8.8.8,53
10.10.0.100,30799,8.8.8.8,53
10.10.0.100,33091,8.8.8.8,53
10.10.0.100,38486,172.217.20.3,80
10.10.0.100,33091,8.8.8.8,53
10.10.0.100,43525,192.229.233.50,443
10.10.0.100,16598,8.8.8.8,53
10.10.0.100,38494,172.217.20.3,80
10.10.0.100,46846,104.244.42.130,443
10.10.0.100,24126,8.8.8.8,53
10.10.0.100,16598,8.8.8.8,53
10.10.0.100,7486,8.8.8.8,53
10.10.0.100,24126,8.8.8.8,53
10.10.0.100,16212,8.8.8.8,53
10.10.0.100,7486,8.8.8.8,53
10.10.0.100,45768,172.217.19.106,443
10.10.0.100,16212,8.8.8.8,53
10.10.0.100,6735,8.8.8.8,53
10.10.0.100,6735,8.8.8.8,53
10.10.0.100,38068,216.58.214.206,80
10.10.0.100,3289,8.8.8.8,53
10.10.0.100,3289,8.8.8.8,53
10.10.0.100,19061,8.8.8.8,53
10.10.0.100,19061,8.8.8.8,53
10.10.0.100,49438,216.58.214.228,443
10.10.0.100,37299,104.244.42.2,443
10.10.0.100,48984,64.233.184.188,5228
10.10.0.100,49452,216.58.214.228,443
10.10.0.100,23066,8.8.8.8,53
10.10.0.100,23066,8.8.8.8,53
10.10.0.100,38083,216.58.214.206,80
10.10.0.100,29826,8.8.8.8,53
10.10.0.100,42785,104.244.42.197,443
10.10.0.100,18211,8.8.8.8,53
10.10.0.100,29826,8.8.8.8,53
10.10.0.100,39054,151.101.12.159,443
10.10.0.100,45198,31.13.64.35,443
10.10.0.100,18211,8.8.8.8,53
10.10.0.100,41631,68.232.34.217,443
10.10.0.100,42800,104.244.42.197,443
10.10.0.100,20439,8.8.8.8,53
10.10.0.100,3959,8.8.8.8,53
10.10.0.100,20439,8.8.8.8,53
10.10.0.100,14460,8.8.8.8,53
10.10.0.100,14460,8.8.8.8,53
10.10.0.100,8378,8.8.8.8,53
10.10.0.100,38522,172.217.20.3,80
10.10.0.100,3959,8.8.8.8,53
10.10.0.100,8378,8.8.8.8,53
10.10.0.100,19850,8.8.8.8,53
10.10.0.100,49464,216.58.214.228,443
10.10.0.100,38092,216.58.214.195,80
10.10.0.100,6492,8.8.8.8,53
10.10.0.100,19850,8.8.8.8,53
10.10.0.100,17305,8.8.8.8,53
10.10.0.100,38100,216.58.214.206,80
10.10.0.100,38507,172.217.20.3,80
10.10.0.100,6492,8.8.8.8,53
10.10.0.100,38077,216.58.214.195,80
10.10.0.100,17305,8.8.8.8,53
10.10.0.100,43057,216.58.214.234,443
10.10.0.100,41642,68.232.34.217,443
10.10.0.100,11249,8.8.8.8,53
10.10.0.100,43550,192.229.233.50,443
10.10.0.100,46563,66.102.1.188,5228
10.10.0.100,11249,8.8.8.8,53
10.10.0.100,18189,8.8.8.8,53
10.10.0.100,46869,104.244.42.130,443
10.10.0.100,4745,8.8.8.8,53
10.10.0.100,26318,8.8.8.8,53
10.10.0.100,4745,8.8.8.8,53
10.10.0.100,18189,8.8.8.8,53
10.10.0.100,26318,8.8.8.8,53
10.10.0.100,19195,8.8.8.8,53
10.10.0.100,19195,8.8.8.8,53
10.10.0.100,42811,104.244.42.197,443
10.10.0.100,9678,8.8.8.8,53
10.10.0.100,9678,8.8.8.8,53
10.10.0.100,30156,8.8.8.8,53
10.10.0.100,30156,8.8.8.8,53
10.10.0.100,11454,8.8.8.8,53
10.10.0.100,11454,8.8.8.8,53
10.10.0.100,45797,172.217.19.106,443
10.10.0.100,46065,172.217.18.74,443
10.10.0.100,68,255.255.255.255,67
10.10.0.100,44606,203.205.179.182,80
10.10.0.100,47192,104.23.99.190,443
10.10.0.100,18418,8.8.8.8,53
10.10.0.100,45311,143.204.101.78,443
10.10.0.100,45140,104.244.42.66,443
10.10.0.100,48555,143.204.101.124,443
10.10.0.100,48474,34.107.247.91,443
10.10.0.100,40083,143.204.101.60,443
10.10.0.100,40459,87.243.6.136,443
10.10.0.100,39765,185.60.218.54,5222
10.10.0.100,40954,104.28.14.39,443
10.10.0.100,42601,13.225.73.125,443
10.10.0.100,1900,239.255.255.250,1900
10.10.0.100,27613,8.8.8.8,53
10.10.0.100,20439,8.8.8.8,53
10.10.0.100,38472,172.217.20.3,80
10.10.0.100,33752,8.8.8.8,53
10.10.0.100,21031,8.8.8.8,53
10.10.0.100,11509,8.8.8.8,53
10.10.0.100,38077,216.58.214.195,80
10.10.0.100,3959,8.8.8.8,53
10.10.0.100,41058,216.58.214.202,443
10.10.0.100,45749,172.217.19.106,443
10.10.0.100,49438,216.58.214.228,443
10.10.0.100,38062,216.58.214.195,80
10.10.0.100,38100,216.58.214.206,80
10.10.0.100,43550,192.229.233.50,443
10.10.0.100,42144,203.205.179.182,8080
10.10.0.100,25348,8.8.8.8,53
10.10.0.100,26326,8.8.8.8,53
10.10.0.100,5353,224.0.0.251,5353
10.10.0.100,16537,8.8.8.8,53
10.10.0.100,38092,216.58.214.195,80
10.10.0.100,48217,31.13.64.53,443
10.10.0.100,38486,172.217.20.3,80
10.10.0.100,46563,66.102.1.188,5228
10.10.0.100,19195,8.8.8.8,53
10.10.0.100,15807,8.8.8.8,53
10.10.0.100,49431,216.58.214.228,443
10.10.0.100,29826,8.8.8.8,53
10.10.0.100,31490,8.8.8.8,53
10.10.0.100,33091,8.8.8.8,53
10.10.0.100,46997,203.205.179.182,443
10.10.0.100,18370,8.8.8.8,53
10.10.0.100,45198,31.13.64.35,443
10.10.0.100,16212,8.8.8.8,53
10.10.0.100,47015,203.205.179.182,443
10.10.0.100,11454,8.8.8.8,53
10.10.0.100,43525,192.229.233.50,443
10.10.0.100,38039,216.58.214.195,80
10.10.0.100,16598,8.8.8.8,53
10.10.0.100,38522,172.217.20.3,80
10.10.0.100,14460,8.8.8.8,53
10.10.0.100,11249,8.8.8.8,53
10.10.0.100,48976,64.233.184.188,5228
10.10.0.100,1425,8.8.8.8,53
10.10.0.100,41615,68.232.34.217,443
10.10.0.100,38056,216.58.214.195,80
10.10.0.100,14189,8.8.8.8,53
10.10.0.100,42800,104.244.42.197,443
10.10.0.100,23066,8.8.8.8,53
10.10.0.100,45740,172.217.19.106,443
10.10.0.100,24310,8.8.8.8,53
10.10.0.100,37299,104.244.42.2,443
10.10.0.100,18189,8.8.8.8,53
10.10.0.100,38507,172.217.20.3,80
10.10.0.100,33551,8.8.8.8,53
10.10.0.100,19061,8.8.8.8,53
10.10.0.100,38068,216.58.214.206,80
10.10.0.100,25162,8.8.8.8,53
10.10.0.100,46984,203.205.179.182,443
10.10.0.100,28262,8.8.8.8,53
10.10.0.100,30525,8.8.8.8,53
10.10.0.100,18211,8.8.8.8,53
10.10.0.100,17305,8.8.8.8,53
10.10.0.100,17491,8.8.8.8,53
10.10.0.100,5211,8.8.8.8,53
10.10.0.100,7486,8.8.8.8,53
10.10.0.100,46846,104.244.42.130,443
10.10.0.100,32711,8.8.8.8,53
10.10.0.100,45732,172.217.19.106,443
10.10.0.100,25560,8.8.8.8,53
10.10.0.100,46869,104.244.42.130,443
10.10.0.100,16957,8.8.8.8,53
10.10.0.100,38083,216.58.214.206,80
10.10.0.100,23335,8.8.8.8,53
10.10.0.100,46544,66.102.1.188,5228
10.10.0.100,19850,8.8.8.8,53
10.10.0.100,38494,172.217.20.3,80
10.10.0.100,45797,172.217.19.106,443
10.10.0.100,45733,172.217.19.106,443
10.10.0.100,14217,8.8.8.8,53
10.10.0.100,1920,8.8.8.8,53
10.10.0.100,44680,203.205.179.182,80
10.10.0.100,29190,8.8.8.8,53
10.10.0.100,43057,216.58.214.234,443
10.10.0.100,38123,10.10.0.1,4886
10.10.0.100,9678,8.8.8.8,53
10.10.0.100,30156,8.8.8.8,53
10.10.0.100,42380,203.205.179.203,443
10.10.0.100,42811,104.244.42.197,443
10.10.0.100,30799,8.8.8.8,53
10.10.0.100,4745,8.8.8.8,53
10.10.0.100,3289,8.8.8.8,53
10.10.0.100,48984,64.233.184.188,5228
10.10.0.100,17769,8.8.8.8,53
10.10.0.100,38478,172.217.20.3,80
10.10.0.100,37488,185.60.216.54,5222
10.10.0.100,16136,8.8.8.8,53
10.10.0.100,19822,8.8.8.8,53
10.10.0.100,43562,173.194.76.188,5228
10.10.0.100,38049,216.58.214.195,80
10.10.0.100,48203,31.13.64.53,443
10.10.0.100,41642,68.232.34.217,443
10.10.0.100,18963,8.8.8.8,53
10.10.0.100,6661,8.8.8.8,53
10.10.0.100,19408,8.8.8.8,53
10.10.0.100,49414,216.58.214.228,443
10.10.0.100,38503,52.10.184.178,443
10.10.0.100,6492,8.8.8.8,53
10.10.0.100,6735,8.8.8.8,53
10.10.0.100,18786,8.8.8.8,53
10.10.0.100,24126,8.8.8.8,53
10.10.0.100,42785,104.244.42.197,443
10.10.0.100,8378,8.8.8.8,53
10.10.0.100,39054,151.101.12.159,443
10.10.0.100,41631,68.232.34.217,443
10.10.0.100,49422,216.58.214.228,443
10.10.0.100,44688,203.205.179.182,80
10.10.0.100,49464,216.58.214.228,443
10.10.0.100,26318,8.8.8.8,53
10.10.0.100,17052,8.8.8.8,53
10.10.0.100,23230,8.8.8.8,53
10.10.0.100,17052,8.8.8.8,53
10.10.0.100,23230,8.8.8.8,53
10.10.0.100,5812,8.8.8.8,53
10.10.0.100,15249,8.8.8.8,53
10.10.0.100,38615,172.217.20.3,80
10.10.0.100,31105,8.8.8.8,53
10.10.0.100,5812,8.8.8.8,53
10.10.0.100,15249,8.8.8.8,53
10.10.0.100,37405,104.244.42.2,443
10.10.0.100,31105,8.8.8.8,53
10.10.0.100,21967,8.8.8.8,53
10.10.0.100,23221,8.8.8.8,53
10.10.0.100,49560,216.58.214.228,443
10.10.0.100,23221,8.8.8.8,53
10.10.0.100,21967,8.8.8.8,53
10.10.0.100,46656,66.102.1.188,5228
10.10.0.100,23816,8.8.8.8,53
10.10.0.100,38198,216.58.214.195,80
10.10.0.100,23816,8.8.8.8,53
10.10.0.100,38202,216.58.214.206,80
10.10.0.100,23913,8.8.8.8,53
10.10.0.100,12305,8.8.8.8,53
10.10.0.100,46665,66.102.1.188,5228
10.10.0.100,11953,8.8.8.8,53
10.10.0.100,12305,8.8.8.8,53
10.10.0.100,11953,8.8.8.8,53
10.10.0.100,9235,8.8.8.8,53
10.10.0.100,23913,8.8.8.8,53
10.10.0.100,17938,8.8.8.8,53
10.10.0.100,12912,8.8.8.8,53
10.10.0.100,15729,8.8.8.8,53
10.10.0.100,9235,8.8.8.8,53
10.10.0.100,15729,8.8.8.8,53
10.10.0.100,17938,8.8.8.8,53
10.10.0.100,29637,8.8.8.8,53
10.10.0.100,12965,8.8.8.8,53
10.10.0.100,9025,8.8.8.8,53
10.10.0.100,16426,8.8.8.8,53
10.10.0.100,29637,8.8.8.8,53
10.10.0.100,12965,8.8.8.8,53
10.10.0.100,16426,8.8.8.8,53
10.10.0.100,9025,8.8.8.8,53
10.10.0.100,31266,8.8.8.8,53
10.10.0.100,5353,224.0.0.251,5353
10.10.0.100,5781,8.8.8.8,53
10.10.0.100,38190,216.58.214.206,80
10.10.0.100,41749,68.232.34.217,443
10.10.0.100,38185,216.58.214.195,80
10.10.0.100,31266,8.8.8.8,53
10.10.0.100,4889,8.8.8.8,53
10.10.0.100,37417,104.244.42.2,443
10.10.0.100,33390,8.8.8.8,53
10.10.0.100,5781,8.8.8.8,53
10.10.0.100,3665,8.8.8.8,53
10.10.0.100,38628,172.217.20.3,80
10.10.0.100,3665,8.8.8.8,53
10.10.0.100,26889,8.8.8.8,53
10.10.0.100,5009,8.8.8.8,53
10.10.0.100,31192,8.8.8.8,53
10.10.0.100,33390,8.8.8.8,53
10.10.0.100,41738,68.232.34.217,443
10.10.0.100,5009,8.8.8.8,53
10.10.0.100,38232,216.58.214.195,80
10.10.0.100,4889,8.8.8.8,53
10.10.0.100,44751,172.217.20.10,443
10.10.0.100,42906,104.244.42.197,443
10.10.0.100,26889,8.8.8.8,53
10.10.0.100,49570,216.58.214.228,443
10.10.0.100,31192,8.8.8.8,53
10.10.0.100,10280,8.8.8.8,53
10.10.0.100,49152,64.233.184.188,5228
10.10.0.100,38213,216.58.214.195,80
10.10.0.100,14078,8.8.8.8,53
10.10.0.100,10409,8.8.8.8,53
10.10.0.100,41369,93.184.220.70,443
10.10.0.100,41377,93.184.220.70,443
10.10.0.100,14078,8.8.8.8,53
10.10.0.100,22553,8.8.8.8,53
10.10.0.100,49589,216.58.214.228,443
10.10.0.100,22553,8.8.8.8,53
10.10.0.100,42924,104.244.42.197,443
10.10.0.100,16764,8.8.8.8,53
10.10.0.100,14058,8.8.8.8,53
10.10.0.100,10280,8.8.8.8,53
10.10.0.100,16764,8.8.8.8,53
10.10.0.100,44748,172.217.20.10,443
10.10.0.100,45903,172.217.19.106,443
10.10.0.100,10409,8.8.8.8,53
10.10.0.100,25858,8.8.8.8,53
10.10.0.100,14058,8.8.8.8,53
10.10.0.100,21258,8.8.8.8,53
10.10.0.100,44753,172.217.20.10,443
10.10.0.100,25858,8.8.8.8,53
10.10.0.100,62656,8.8.8.8,53
10.10.0.100,21258,8.8.8.8,53
10.10.0.100,5376,8.8.8.8,53
10.10.0.100,2049,8.8.8.8,53
10.10.0.100,62656,8.8.8.8,53
10.10.0.100,5938,8.8.8.8,53
10.10.0.100,48042,8.8.8.8,53
10.10.0.100,2049,8.8.8.8,53
10.10.0.100,10210,8.8.8.8,53
10.10.0.100,50379,8.8.8.8,53
10.10.0.100,5376,8.8.8.8,53
10.10.0.100,44766,172.217.20.10,443
10.10.0.100,5938,8.8.8.8,53
10.10.0.100,10210,8.8.8.8,53
10.10.0.100,44769,172.217.20.10,443
10.10.0.100,49633,216.58.214.228,443
10.10.0.100,44752,172.217.20.10,443
10.10.0.100,48042,8.8.8.8,53
10.10.0.100,38223,216.58.214.206,80
10.10.0.100,50379,8.8.8.8,53
10.10.0.100,18592,8.8.8.8,53
10.10.0.100,38645,172.217.20.3,80
10.10.0.100,18592,8.8.8.8,53
10.10.0.100,13907,8.8.8.8,53
10.10.0.100,46681,66.102.1.188,5228
10.10.0.100,38264,216.58.214.206,80
10.10.0.100,41394,93.184.220.70,443
10.10.0.100,42983,104.244.42.197,443
10.10.0.100,37434,104.244.42.2,443
10.10.0.100,45963,172.217.19.106,443
10.10.0.100,49607,216.58.214.228,443
10.10.0.100,42940,104.244.42.197,443
10.10.0.100,41767,68.232.34.217,443
10.10.0.100,13907,8.8.8.8,53
10.10.0.100,45921,172.217.19.106,443
10.10.0.100,16743,8.8.8.8,53
10.10.0.100,44768,172.217.20.10,443
10.10.0.100,16743,8.8.8.8,53
10.10.0.100,2831,8.8.8.8,53
10.10.0.100,38240,216.58.214.206,80
10.10.0.100,13188,8.8.8.8,53
10.10.0.100,44770,172.217.20.10,443
10.10.0.100,13188,8.8.8.8,53
10.10.0.100,5679,8.8.8.8,53
10.10.0.100,2831,8.8.8.8,53
10.10.0.100,5679,8.8.8.8,53
10.10.0.100,41414,93.184.220.70,443
10.10.0.100,16909,8.8.8.8,53
10.10.0.100,12935,8.8.8.8,53
10.10.0.100,13945,8.8.8.8,53
10.10.0.100,16909,8.8.8.8,53
10.10.0.100,12935,8.8.8.8,53
10.10.0.100,13945,8.8.8.8,53
10.10.0.100,21002,8.8.8.8,53
10.10.0.100,28580,8.8.8.8,53
10.10.0.100,38662,172.217.20.3,80
10.10.0.100,28580,8.8.8.8,53
10.10.0.100,20822,8.8.8.8,53
10.10.0.100,41782,68.232.34.217,443
10.10.0.100,21002,8.8.8.8,53
10.10.0.100,38244,216.58.214.195,80
10.10.0.100,20822,8.8.8.8,53
10.10.0.100,38677,172.217.20.3,80
10.10.0.100,45937,172.217.19.106,443
10.10.0.100,11338,8.8.8.8,53
10.10.0.100,37450,104.244.42.2,443
10.10.0.100,42958,104.244.42.197,443
10.10.0.100,49619,216.58.214.228,443
10.10.0.100,23154,8.8.8.8,53
10.10.0.100,3016,8.8.8.8,53
10.10.0.100,6514,8.8.8.8,53
10.10.0.100,11338,8.8.8.8,53
10.10.0.100,13804,8.8.8.8,53
10.10.0.100,6514,8.8.8.8,53
10.10.0.100,23154,8.8.8.8,53
10.10.0.100,13804,8.8.8.8,53
10.10.0.100,8757,8.8.8.8,53
10.10.0.100,24508,8.8.8.8,53
10.10.0.100,3016,8.8.8.8,53
10.10.0.100,46712,66.102.1.188,5228
10.10.0.100,24508,8.8.8.8,53
10.10.0.100,10642,8.8.8.8,53
10.10.0.100,38253,216.58.214.206,80
10.10.0.100,8757,8.8.8.8,53
10.10.0.100,10642,8.8.8.8,53
10.10.0.100,26673,8.8.8.8,53
10.10.0.100,26673,8.8.8.8,53
10.10.0.100,47024,104.244.42.130,443
10.10.0.100,41424,93.184.220.70,443
10.10.0.100,34953,8.8.8.8,53
10.10.0.100,41798,68.232.34.217,443
10.10.0.100,34953,8.8.8.8,53
10.10.0.100,42969,104.244.42.197,443
10.10.0.100,1832,8.8.8.8,53
10.10.0.100,43225,216.58.214.234,443
10.10.0.100,38688,172.217.20.3,80
10.10.0.100,1832,8.8.8.8,53
10.10.0.100,1579,8.8.8.8,53
10.10.0.100,53777,8.8.8.8,53
10.10.0.100,38257,216.58.214.195,80
10.10.0.100,39082,8.8.8.8,53
10.10.0.100,53777,8.8.8.8,53
10.10.0.100,37852,8.8.8.8,53
10.10.0.100,1579,8.8.8.8,53
10.10.0.100,49178,64.233.184.188,5228
10.10.0.100,46694,8.8.8.8,53
10.10.0.100,39082,8.8.8.8,53
10.10.0.100,46694,8.8.8.8,53
10.10.0.100,37852,8.8.8.8,53
10.10.0.100,60008,8.8.8.8,53
10.10.0.100,54561,8.8.8.8,53
10.10.0.100,41808,68.232.34.217,443
10.10.0.100,54561,8.8.8.8,53
10.10.0.100,35528,8.8.8.8,53
10.10.0.100,60008,8.8.8.8,53
10.10.0.100,35528,8.8.8.8,53
10.10.0.100,41439,93.184.220.70,443
10.10.0.100,45437,104.244.42.66,443
10.10.0.100,26889,8.8.8.8,53
10.10.0.100,47024,104.244.42.130,443
10.10.0.100,43431,31.13.64.53,5222
10.10.0.100,49607,216.58.214.228,443
10.10.0.100,13945,8.8.8.8,53
10.10.0.100,35528,8.8.8.8,53
10.10.0.100,12965,8.8.8.8,53
10.10.0.100,5781,8.8.8.8,53
10.10.0.100,21002,8.8.8.8,53
10.10.0.100,9235,8.8.8.8,53
10.10.0.100,34953,8.8.8.8,53
10.10.0.100,60008,8.8.8.8,53
10.10.0.100,44751,172.217.20.10,443
10.10.0.100,22553,8.8.8.8,53
10.10.0.100,38223,216.58.214.206,80
10.10.0.100,41767,68.232.34.217,443
10.10.0.100,38240,216.58.214.206,80
10.10.0.100,23913,8.8.8.8,53
10.10.0.100,38185,216.58.214.195,80
10.10.0.100,42906,104.244.42.197,443
10.10.0.100,37405,104.244.42.2,443
10.10.0.100,5938,8.8.8.8,53
10.10.0.100,41369,93.184.220.70,443
10.10.0.100,41424,93.184.220.70,443
10.10.0.100,2049,8.8.8.8,53
10.10.0.100,21967,8.8.8.8,53
10.10.0.100,39082,8.8.8.8,53
10.10.0.100,42969,104.244.42.197,443
10.10.0.100,16764,8.8.8.8,53
10.10.0.100,5376,8.8.8.8,53
10.10.0.100,42924,104.244.42.197,443
10.10.0.100,38232,216.58.214.195,80
10.10.0.100,24508,8.8.8.8,53
10.10.0.100,3016,8.8.8.8,53
10.10.0.100,48042,8.8.8.8,53
10.10.0.100,44889,203.205.179.182,80
10.10.0.100,16909,8.8.8.8,53
10.10.0.100,44769,172.217.20.10,443
10.10.0.100,3665,8.8.8.8,53
10.10.0.100,10642,8.8.8.8,53
10.10.0.100,25858,8.8.8.8,53
10.10.0.100,14078,8.8.8.8,53
10.10.0.100,9025,8.8.8.8,53
10.10.0.100,37450,104.244.42.2,443
10.10.0.100,38190,216.58.214.206,80
10.10.0.100,41394,93.184.220.70,443
10.10.0.100,38688,172.217.20.3,80
10.10.0.100,41377,93.184.220.70,443
10.10.0.100,31105,8.8.8.8,53
10.10.0.100,49178,64.233.184.188,5228
10.10.0.100,23221,8.8.8.8,53
10.10.0.100,38198,216.58.214.195,80
10.10.0.100,41782,68.232.34.217,443
10.10.0.100,4889,8.8.8.8,53
10.10.0.100,42983,104.244.42.197,443
10.10.0.100,41414,93.184.220.70,443
10.10.0.100,31266,8.8.8.8,53
10.10.0.100,49560,216.58.214.228,443
10.10.0.100,1900,239.255.255.250,1900
10.10.0.100,42274,203.205.179.182,8080
10.10.0.100,44770,172.217.20.10,443
10.10.0.100,20822,8.8.8.8,53
10.10.0.100,41808,68.232.34.217,443
10.10.0.100,49619,216.58.214.228,443
10.10.0.100,2831,8.8.8.8,53
10.10.0.100,14058,8.8.8.8,53
10.10.0.100,10280,8.8.8.8,53
10.10.0.100,21258,8.8.8.8,53
10.10.0.100,38257,216.58.214.195,80
10.10.0.100,37852,8.8.8.8,53
10.10.0.100,49937,157.240.20.53,5222
10.10.0.100,1832,8.8.8.8,53
10.10.0.100,41798,68.232.34.217,443
10.10.0.100,11953,8.8.8.8,53
10.10.0.100,12912,8.8.8.8,53
10.10.0.100,16743,8.8.8.8,53
10.10.0.100,37434,104.244.42.2,443
10.10.0.100,44768,172.217.20.10,443
10.10.0.100,42324,203.205.179.182,8080
10.10.0.100,38244,216.58.214.195,80
10.10.0.100,44753,172.217.20.10,443
10.10.0.100,50379,8.8.8.8,53
10.10.0.100,46665,66.102.1.188,5228
10.10.0.100,17052,8.8.8.8,53
10.10.0.100,15729,8.8.8.8,53
10.10.0.100,10210,8.8.8.8,53
10.10.0.100,38645,172.217.20.3,80
10.10.0.100,29637,8.8.8.8,53
10.10.0.100,46656,66.102.1.188,5228
10.10.0.100,42289,203.205.179.182,8080
10.10.0.100,44766,172.217.20.10,443
10.10.0.100,38615,172.217.20.3,80
10.10.0.100,46694,8.8.8.8,53
10.10.0.100,28580,8.8.8.8,53
10.10.0.100,41749,68.232.34.217,443
10.10.0.100,43225,216.58.214.234,443
10.10.0.100,43962,172.217.20.3,443
10.10.0.100,45718,185.60.218.54,443
10.10.0.100,45903,172.217.19.106,443
10.10.0.100,46681,66.102.1.188,5228
10.10.0.100,38264,216.58.214.206,80
10.10.0.100,49152,64.233.184.188,5228
10.10.0.100,23230,8.8.8.8,53
10.10.0.100,44748,172.217.20.10,443
10.10.0.100,23154,8.8.8.8,53
10.10.0.100,11338,8.8.8.8,53
10.10.0.100,10409,8.8.8.8,53
10.10.0.100,5353,224.0.0.251,5353
10.10.0.100,38662,172.217.20.3,80
10.10.0.100,44813,185.60.216.54,443
10.10.0.100,49633,216.58.214.228,443
10.10.0.100,16426,8.8.8.8,53
10.10.0.100,1579,8.8.8.8,53
10.10.0.100,45963,172.217.19.106,443
10.10.0.100,23816,8.8.8.8,53
10.10.0.100,44752,172.217.20.10,443
10.10.0.100,33390,8.8.8.8,53
10.10.0.100,49589,216.58.214.228,443
10.10.0.100,53777,8.8.8.8,53
10.10.0.100,38213,216.58.214.195,80
10.10.0.100,38677,172.217.20.3,80
10.10.0.100,17938,8.8.8.8,53
10.10.0.100,5679,8.8.8.8,53
10.10.0.100,15249,8.8.8.8,53
10.10.0.100,41439,93.184.220.70,443
10.10.0.100,43358,31.13.64.53,5222
10.10.0.100,5812,8.8.8.8,53
10.10.0.100,54561,8.8.8.8,53
10.10.0.100,13188,8.8.8.8,53
10.10.0.100,13907,8.8.8.8,53
10.10.0.100,37611,185.60.216.54,5222
10.10.0.100,37417,104.244.42.2,443
10.10.0.100,47182,203.205.179.182,443
10.10.0.100,41738,68.232.34.217,443
10.10.0.100,49570,216.58.214.228,443
10.10.0.100,26673,8.8.8.8,53
10.10.0.100,18592,8.8.8.8,53
10.10.0.100,42940,104.244.42.197,443
10.10.0.100,13804,8.8.8.8,53
10.10.0.100,42309,203.205.179.182,8080
10.10.0.100,46712,66.102.1.188,5228
10.10.0.100,38202,216.58.214.206,80
10.10.0.100,5009,8.8.8.8,53
10.10.0.100,12305,8.8.8.8,53
10.10.0.100,62656,8.8.8.8,53
10.10.0.100,45937,172.217.19.106,443
10.10.0.100,12935,8.8.8.8,53
10.10.0.100,45437,104.244.42.66,443
10.10.0.100,42958,104.244.42.197,443
10.10.0.100,38628,172.217.20.3,80
10.10.0.100,6514,8.8.8.8,53
10.10.0.100,8757,8.8.8.8,53
10.10.0.100,18829,8.8.8.8,53
10.10.0.100,10758,8.8.8.8,53
10.10.0.100,41038,173.194.73.188,5228
10.10.0.100,1030,8.8.8.8,53
10.10.0.100,18215,8.8.8.8,53
10.10.0.100,10758,8.8.8.8,53
10.10.0.100,18829,8.8.8.8,53
10.10.0.100,1030,8.8.8.8,53
10.10.0.100,18215,8.8.8.8,53
10.10.0.100,33202,8.8.8.8,53
10.10.0.100,28907,8.8.8.8,53
10.10.0.100,33202,8.8.8.8,53
10.10.0.100,45188,172.217.20.3,80
10.10.0.100,28907,8.8.8.8,53
10.10.0.100,43131,216.58.214.228,443
10.10.0.100,39462,172.217.19.106,443
10.10.0.100,25487,8.8.8.8,53
10.10.0.100,18581,8.8.8.8,53
10.10.0.100,46785,151.101.1.140,443
10.10.0.100,29700,8.8.8.8,53
10.10.0.100,18581,8.8.8.8,53
10.10.0.100,25487,8.8.8.8,53
10.10.0.100,29700,8.8.8.8,53
10.10.0.100,16890,8.8.8.8,53
10.10.0.100,44764,216.58.214.206,80
10.10.0.100,46786,151.101.1.140,443
10.10.0.100,16890,8.8.8.8,53
10.10.0.100,20209,8.8.8.8,53
10.10.0.100,26636,8.8.8.8,53
10.10.0.100,20209,8.8.8.8,53
10.10.0.100,46782,151.101.1.140,443
10.10.0.100,26636,8.8.8.8,53
10.10.0.100,44764,216.58.214.206,80
10.10.0.100,46784,151.101.1.140,443
10.10.0.100,41044,173.194.73.188,5228
10.10.0.100,39461,172.217.19.106,443
10.10.0.100,23052,8.8.8.8,53
10.10.0.100,23052,8.8.8.8,53
10.10.0.100,46597,35.190.88.7,443
10.10.0.100,30981,8.8.8.8,53
10.10.0.100,30981,8.8.8.8,53
10.10.0.100,46781,151.101.1.140,443
10.10.0.100,46783,151.101.1.140,443
10.10.0.100,18215,8.8.8.8,53
10.10.0.100,43819,10.10.0.1,7
10.10.0.100,44759,216.58.214.195,80
10.10.0.100,18829,8.8.8.8,53
10.10.0.100,33202,8.8.8.8,53
10.10.0.100,29700,8.8.8.8,53
10.10.0.100,18581,8.8.8.8,53
10.10.0.100,30981,8.8.8.8,53
10.10.0.100,23052,8.8.8.8,53
10.10.0.100,26636,8.8.8.8,53
10.10.0.100,20209,8.8.8.8,53
10.10.0.100,43131,216.58.214.228,443
10.10.0.100,45188,172.217.20.3,80
10.10.0.100,41038,173.194.73.188,5228
10.10.0.100,43445,157.240.20.53,5222
10.10.0.100,16890,8.8.8.8,53
10.10.0.100,39462,172.217.19.106,443
10.10.0.100,39461,172.217.19.106,443
10.10.0.100,46782,151.101.1.140,443
10.10.0.100,48847,203.205.179.182,8080
10.10.0.100,41044,173.194.73.188,5228
10.10.0.100,44764,216.58.214.206,80
10.10.0.100,46784,151.101.1.140,443
10.10.0.100,46781,151.101.1.140,443
10.10.0.100,46786,151.101.1.140,443
10.10.0.100,46785,151.101.1.140,443
10.10.0.100,46597,35.190.88.7,443
10.10.0.100,43447,157.240.20.53,5222
10.10.0.100,46783,151.101.1.140,443
10.10.0.100,41920,239.255.255.250,1900
10.10.0.100,5353,224.0.0.251,5353

